ba:fb:e4:c5:b0:a5,ba:fb:e4:c4:af:1a,d8:0d:17:2c:67:7f,d8:0d:17:2c:67:7e,24:81:3b:50:c9:e2,54:48:e6:a3:93:23,b4:fb:e4:c5:b0:a5,ba:fb:e4:c5:bd:e3,b4:fb:e4:c4:bd:e3,24:81:3b:2b:99:e1,24:81:3b:2b:99:e2,ba:fb:e4:c4:b0:a5,24:81:3b:2b:99:e0,b4:fb:e4:c5:bd:e3,c4:e9:84:fa:fe:d2,24:81:3b:52:ec:61,24:81:3b:52:ec:62,24:81:3b:2b:99:ee,24:81:3b:2b:99:ef,2c:56:dc:da:3e:90,24:81:3b:52:ec:60,2c:56:dc:da:3e:91,24:81:3b:2b:99:ed,2c:56:dc:da:3e:94,2c:56:dc:da:3e:95,b4:fb:e4:c4:af:1a,b4:fb:e4:c4:b0:a5,ba:fb:e4:c4:bd:e3,24:81:3b:50:c9:e0,1e:e8:29:ee:72:33,54:48:e6:a3:93:22,14:dd:a9:97:a4:f8,ba:fb:e4:c4:d2:73,18:e8:29:ed:72:33,ba:fb:e4:c5:d2:73,24:81:3b:50:c9:e1,18:e8:29:ee:72:33,1e:e8:29:e4:3e:31,1e:e8:29:ed:72:33,32:cd:a7:c1:89:0d,34:60:f9:63:80:30,14:cc:20:2c:3d:42,b4:fb:e4:c4:d2:73,c0:25:5c:a3:84:f1,c0:25:5c:a3:84:f0,c0:25:5c:a3:c8:c0,c0:25:5c:a3:c8:c1,00:08:2f:33:a0:91,00:08:2f:33:a0:90,00:08:2f:33:a0:98,00:08:2f:33:a0:95,00:08:2f:33:a0:94,54:b8:0a:10:f6:42,10:b3:d6:07:cd:41,92:8c:c8:40:47:fb,12:e8:a7:a1:61:95,10:b3:d6:07:cd:42,10:b3:d6:07:cd:40,b4:fb:e4:c5:d2:73,ce:80:59:cd:76:6c,10:b3:d6:07:cd:60,10:b3:d6:07:cd:61,c0:25:5c:a3:c8:c2,14:dd:a9:97:ce:58,1e:e8:29:e4:35:72,c2:56:27:c2:67:83,0e:76:84:a5:21:cd,24:81:3b:50:c9:ef,b4:fb:e4:c5:af:1a,24:81:3b:50:c9:ed,24:81:3b:50:c9:ee,24:81:3b:52:ec:6e,24:81:3b:52:ec:6f,ba:fb:e4:c5:af:1a,24:81:3b:52:ec:6d,10:b3:d6:07:cd:62,b8:d4:bc:21:5b:99,34:60:f9:63:7e:de,x,y,theta
-42.0,-75.0,-55,-50.0,-65.0,-94.0,-42.0,-63.0,-59.0,-50.0,-50.0,-43.0,-49.0,-63.0,-59.0,-76.0,-75.0,-46.0,-46.0,-67.0,-76.0,-65.0,-46.0,-74.0,-74.0,-71.0,-43.0,-57.0,,,,,,,,,,,,,,,,,,,,,,,,,,,,,,,,,,,,,,,,,,,,,,,,,,,2.629244366903742,0.7903619804668918,3.230398432423741
-50.0,,-56,-59.0,,-76.0,-50.0,-73.0,-66.0,-74.0,-74.0,-41.0,-73.0,-73.0,-59.0,,,-59.0,-59.0,-81.0,,-78.0,-59.0,,,,-46.0,-63.0,-81.0,-96.0,-64.0,-77.0,,,,,,,,,,,,,,,,,,,,,,,,,,,,,,,,,,,,,,,,,,,,,,,0.970078772208912,-5.367119901636187,4.173331398802378
-72.0,-76.0,-65,-49.0,-79.0,,-73.0,-89.0,-81.0,-61.0,-62.0,-60.0,-61.0,-89.0,-57.0,,,-68.0,-67.0,,,,-68.0,-85.0,-85.0,-78.0,-65.0,-85.0,-79.0,,,,-91.0,,,,,,,,,,,,,,,,,,,,,,,,,,,,,,,,,,,,,,,,,,,,,,0.217948355391072,3.488195215986767,4.701415809099967
-51.0,-71.0,-49,-59.0,,-91.0,-51.0,-70.0,-65.0,-59.0,-59.0,-51.0,-60.0,-69.0,-58.0,,,-45.0,-44.0,,,,-45.0,-78.0,-78.0,,-48.0,,,,,-79.0,,,,,,,,,,,,,,,,,,,,,,,,,,,,,,,,,,,,,,,,,,,,,,,2.42901225917396,3.2742142942868417,3.148899288887179
-45.0,,-58,-58.0,,,-45.0,-70.0,-63.0,-45.0,-46.0,-50.0,-45.0,-69.0,,,,-50.0,-50.0,-62.0,-86.0,-65.0,-51.0,-67.0,-67.0,,,,-77.0,,,-75.0,,-84.0,-94.0,,,,,,,,,,,,,,,,,,,,,,,,,,,,,,,,,,,,,,,,,,,,3.158752293570436,4.481888375521651,0.0748324517248591
-60.0,,-37,-49.0,-78.0,-82.0,-60.0,-78.0,-71.0,-66.0,-67.0,,-64.0,-78.0,-55.0,,,-66.0,-66.0,,,-75.0,-66.0,,,,,,-78.0,,-72.0,-81.0,,,,-78.0,,,,,,,,,,,,,,,,,,,,,,,,,,,,,,,,,,,,,,,,,,,-2.993492075330485,-2.092802523422456,1.5281850147985303
-42.0,,-44,-61.0,,-78.0,-42.0,-65.0,-64.0,-66.0,-67.0,-46.0,-67.0,-65.0,-64.0,,,-59.0,-59.0,,-87.0,,-59.0,,-88.0,,-46.0,-64.0,,,,,,,,-77.0,,,,,,,,,,,,,,,,,,,,,,,,,,,,,,,,,,,,,,,,,,,1.478851489168414,-5.657347552742898,4.177338132423444
-35.0,,-53,-61.0,-71.0,-84.0,-35.0,-56.0,-48.0,-44.0,-44.0,-30.0,-43.0,-56.0,-55.0,,-76.0,-54.0,-54.0,,-77.0,-68.0,-54.0,-81.0,-81.0,,-29.0,-44.0,-68.0,-90.0,,-66.0,,,,-71.0,-90.0,-94.0,,,,,,,,,,,,,,,,,,,,,,,,,,,,,,,,,,,,,,,,,3.6815375778064814,-3.727658979529669,3.47994126867216
-50.0,-72.0,-55,-54.0,-61.0,-94.0,-50.0,-67.0,-62.0,-41.0,-40.0,,-41.0,-67.0,-64.0,-76.0,-76.0,-44.0,-44.0,-58.0,-73.0,-59.0,-44.0,-74.0,-73.0,-72.0,,,-61.0,,,-71.0,-78.0,,,,,,,,,,,,,,,,,,,,,,,,,,,,,,,,,,,,,,,,,,,,,,2.7324110382763904,0.1731241138108729,3.2339891846769446
-53.0,,-38,-37.0,-70.0,-84.0,-53.0,-74.0,-66.0,-63.0,-63.0,-51.0,-62.0,-74.0,-42.0,,-86.0,-59.0,-59.0,,,,-59.0,-89.0,-88.0,,-53.0,-65.0,-70.0,,,,,,,-70.0,,,,,,,,,,,,,,,,,,,,,,,,,,,,,,,,,,,,,,,,,,,-1.571813935254664,1.43310757587103,4.910418043486953
-60.0,,-37,-48.0,-78.0,-82.0,-59.0,-78.0,,-66.0,-67.0,-46.0,-66.0,-78.0,-55.0,,-84.0,-66.0,-66.0,,-84.0,,-66.0,-91.0,-93.0,,-48.0,-70.0,-78.0,,,-81.0,,,,-78.0,,,-88.0,,,,,,,,,,,,,,,,,,,,,,,,,,,,,,,,,,,,,,,,-2.993492075330485,-2.092802523422456,1.5281850147985303
-61.0,,-32,-33.0,-76.0,,-61.0,-76.0,,,,-57.0,,-76.0,-40.0,,,,,,,,,-89.0,-89.0,,-55.0,,-76.0,,,-82.0,,,,-77.0,,,,,,,,,,,,,,,,,,,,,,,,,,,,,,,,,,,,,,,,,,,-2.4083308112528226,1.089719803463306,-0.9444438620338051
-77.0,,-63,-66.0,-80.0,,-77.0,-89.0,,-72.0,-72.0,-64.0,-72.0,-89.0,-51.0,-92.0,,-74.0,-74.0,-70.0,-91.0,-68.0,-75.0,-86.0,-86.0,,-66.0,,,,,,,,,,,,,,,,,,,,,,,,,,,,,,,,,,,,,,,,,,,,,,,,,,,,-2.554814297962825,4.832782875685478,1.7320681480324631
-75.0,-75.0,-66,-66.0,-80.0,,-75.0,-91.0,-75.0,-66.0,-66.0,-69.0,-65.0,-94.0,-54.0,-92.0,,-77.0,-76.0,,,-66.0,-76.0,-85.0,-84.0,-72.0,-67.0,,-80.0,,,,,,,,,,,,,,,,,,,,,,,,,,,,,,,,,,,,,,,,,,,,,,,,,,-1.4266824655010713,5.009009971598826,1.7024268042810131
-61.0,,-34,-50.0,,-85.0,-60.0,-78.0,,-55.0,-55.0,-52.0,-55.0,-78.0,-44.0,-89.0,-88.0,-63.0,-64.0,,-87.0,,-63.0,-83.0,-84.0,,-52.0,,-81.0,,,-85.0,-92.0,,,-81.0,,,,,,,,,,,,,,,,,,,,,,,,,,,,,,,,,,,,,,,,,,,-0.495625333623642,1.189447355689398,4.449460147351544
-74.0,,-58,-63.0,-82.0,,-74.0,-94.0,-77.0,,,,,-94.0,-53.0,,,-71.0,-71.0,-79.0,,-78.0,-71.0,-81.0,-81.0,,,,,,,,,,,,,,,,,,,,,,,,,,,,,,,,,,,,,,,,,,,,,,,,,,,,,,-0.0201655422938315,6.335672871009273,-0.5625199865053465
-53.0,,-49,-41.0,-81.0,-79.0,-53.0,-73.0,-67.0,-54.0,-55.0,-53.0,-54.0,-73.0,-53.0,-86.0,-86.0,,,,-86.0,-73.0,,-81.0,-81.0,,-56.0,-64.0,-82.0,,,-81.0,,,,,,,,,,,,,,,,,,,,,,,,,,,,,,,,,,,,,,,,,,,,,,,-0.7765896844364418,-1.3807130199090514,-0.4074295321406685
-67.0,-69.0,-62,-64.0,,-96.0,-66.0,-85.0,-76.0,-63.0,,-59.0,-62.0,-85.0,-42.0,-93.0,-93.0,,,-56.0,,-60.0,,-69.0,-69.0,-69.0,-61.0,,-78.0,,,,,,,-79.0,,,,,,,,,,,,,,,,,,,,,,,,,,,,,,,,,,,,,,,,,,,-0.310511294018986,5.78922849123913,-1.0740636607030625
-61.0,,-40,-40.0,-75.0,-91.0,-61.0,-74.0,,-59.0,-54.0,-51.0,-60.0,-74.0,-48.0,,,,,-76.0,,-75.0,,-91.0,-89.0,,-51.0,,,,-73.0,-77.0,,,,,,,,,,,,,,,,,,,,,,,,,,,,,,,,,,,,,,,,,,,,,,,0.0335487865909473,-0.3239419886575338,3.1902315324854973
-58.0,,-41,-41.0,,-82.0,-58.0,-78.0,,,,-54.0,,-77.0,,,,-59.0,-59.0,,,,-59.0,-94.0,-94.0,,-53.0,,-86.0,,,-80.0,,,,-86.0,,,,,,,,,,,,,,,,,,,,,,,,,,,,,,,,,,,,,,,,,,,0.0269525972166131,0.1153902469725892,3.180239127758336
-45.0,,-53,-49.0,,-93.0,-45.0,-63.0,,-50.0,-50.0,-45.0,-50.0,-64.0,,,,-45.0,-45.0,,,-59.0,-45.0,-70.0,-70.0,-71.0,-49.0,,,,,,,-81.0,,,,,,,,,,,,,,,,,,,,,,,,,,,,,,,,,,,,,,,,,,,,,2.5114444743515194,1.9646351415708128,3.178087048439787
-57.0,,-49,-59.0,,-74.0,-59.0,-75.0,-63.0,-66.0,-66.0,-53.0,-66.0,-76.0,-60.0,,,-75.0,-75.0,-82.0,,,-76.0,,,,,-61.0,,,-67.0,-76.0,,,,,,,,-91.0,,,,,,,,,,,,,,,,,,,,,,,,,,,,,,,,,,,,,,,-2.06992529635996,-5.4065945591271865,1.3931831261164271
-47.0,,-67,-59.0,,-76.0,-47.0,-71.0,,,,-43.0,-64.0,-72.0,-61.0,,,-68.0,-68.0,,,,-68.0,-95.0,-95.0,,,-60.0,,,,,,,,,,,,,,,,,,,,,,,,,,,,,,,,,,,,,,,,,,,,,,,,,,,-0.6411900151231129,-5.10812839976957,-1.872791679320696
-42.0,,-47,-60.0,-73.0,-89.0,-42.0,-62.0,-56.0,-47.0,,-34.0,-47.0,-63.0,-58.0,,,-48.0,-47.0,,,,-47.0,-77.0,-76.0,,-36.0,-58.0,,-93.0,,-62.0,,,,,-93.0,,,,-96.0,,,,,,,,,,,,,,,,,,,,,,,,,,,,,,,,,,,,,,3.16774130451286,-3.4455636954347333,5.968293201236715
-43.0,-71.0,-54,-65.0,-68.0,-95.0,-44.0,-68.0,-63.0,-49.0,-50.0,-47.0,-49.0,-69.0,-79.0,-96.0,,-46.0,-46.0,-51.0,,-53.0,-46.0,-69.0,-69.0,-73.0,-48.0,-65.0,,,,-77.0,,,,-68.0,,,,,,-89.0,,,,,,,,,,,,,,,,,,,,,,,,,,,,,,,,,,,,,2.363949173993258,4.925283585801298,3.1058364345383347
-57.0,,-41,-52.0,,,-57.0,-74.0,-70.0,-62.0,-63.0,-59.0,-63.0,-74.0,-54.0,,,,,,,,,-92.0,-91.0,,-58.0,-73.0,,,,,,,,,,,,,,,,,,,,,,,,,,,,,,,,,,,,,,,,,,,,,,,,,,,-1.8050807134527205,-2.48539405902682,-1.670480727144363
-77.0,-70.0,-62,-69.0,-87.0,,-77.0,-89.0,-79.0,,,,-68.0,-91.0,-61.0,,,-73.0,-73.0,-69.0,-90.0,-68.0,-73.0,-81.0,-80.0,-70.0,,-80.0,,,-89.0,,-81.0,,,-86.0,,,,,,-91.0,-83.0,,,,,,,,,,,,,,,,,,,,,,,,,,,,,,,,,,,,0.533805428332836,5.331203049310279,1.6311110635210362
-58.0,,-61,-59.0,,-77.0,-58.0,-79.0,,,,-51.0,,-78.0,,,,-64.0,-65.0,,,,-64.0,,,,-50.0,,,,-57.0,,,,,,,,,,,,,,,,,,,,,,,,,,,,,,,,,,,,,,,,,,,,,,,,-0.6629147417466047,-4.67217728203323,0.9444792985848486
-47.0,,-65,-60.0,-80.0,-78.0,-47.0,-71.0,-62.0,-65.0,-67.0,-45.0,-64.0,-71.0,-61.0,,,,,,,,,,,,-47.0,-61.0,-80.0,,,-84.0,,,,-79.0,,,,,,,,-95.0,-96.0,,,,,,,,,,,,,,,,,,,,,,,,,,,,,,,,,,-0.6411900151231129,-5.10812839976957,-1.872791679320696
-58.0,,-50,-42.0,,-86.0,-58.0,-78.0,,-55.0,-55.0,,-55.0,-78.0,-56.0,,,,,-73.0,,,,-88.0,-89.0,-80.0,,-69.0,,,-71.0,-84.0,,,,,,,,,,,,,,,,,,,,,,,,,,,,,,,,,,,,,,,,,,,,,,,0.3480763210023669,0.6779514239754725,3.080277251529987
-52.0,,-42,-37.0,-71.0,-82.0,-52.0,-74.0,-64.0,,,-50.0,-62.0,-74.0,-42.0,-86.0,-85.0,-59.0,-59.0,,-86.0,-77.0,-59.0,,-87.0,,-51.0,-64.0,-71.0,,,-79.0,,,,-71.0,,,,,,,,,,,,,,,,,,,,,,,,,,,,,,,,,,,,,,,,,,,-1.571813935254664,1.43310757587103,4.910418043486953
-52.0,-82.0,-41,-39.0,,-79.0,-52.0,-76.0,-67.0,-56.0,-56.0,-56.0,-56.0,-77.0,-45.0,,-89.0,,,,-88.0,-75.0,,-90.0,-91.0,-84.0,-54.0,-66.0,-81.0,,-64.0,,,,,,,,,,,,,,,-94.0,-94.0,,,,,,,,,,,,,,,,,,,,,,,,,,,,,,,,-1.1101589669398968,1.328027205527693,4.443521153205849
-56.0,,-53,-68.0,-80.0,-74.0,-56.0,-74.0,-63.0,,-67.0,-50.0,-67.0,-74.0,,,,-72.0,-71.0,,,-86.0,-72.0,,,,-50.0,-61.0,,,,,,,,-81.0,,,,,,,,,,,,-92.0,-92.0,-92.0,-93.0,-93.0,,,,,,,,,,,,,,,,,,,,,,,,,,,-2.5907926754430206,-5.662575875395301,2.262891896487967
-59.0,-84.0,-38,-48.0,,-82.0,-59.0,-78.0,-72.0,,,-46.0,,-78.0,-55.0,-84.0,,-66.0,-66.0,-74.0,-84.0,,-66.0,,-91.0,-86.0,-48.0,-66.0,,,-74.0,-85.0,,,,,,,,,,,,,,,,,,,,,,,,,,,,,,,,,,,,,,,,,,,,,,,-2.993492075330485,-2.092802523422456,1.5281850147985303
-78.0,-72.0,-57,-68.0,-87.0,,-78.0,-91.0,-79.0,,,-70.0,-70.0,-90.0,-47.0,,,-74.0,-74.0,-84.0,,,-74.0,-79.0,-78.0,,-68.0,,,,,,,,,,,,,,,,,,,,,,,,,,,,,,,,,,,,,,,,,,,,,,,,,,,,0.1735314948353283,6.711613078954704,-1.0194080825584446
-79.0,-77.0,-57,-70.0,-86.0,,-79.0,-94.0,-78.0,-75.0,-75.0,-72.0,-75.0,-94.0,-52.0,,,-79.0,-79.0,,,,-79.0,-87.0,-87.0,-76.0,-69.0,-73.0,,,,,,,,-86.0,,,,,,,,,,,,,,,,,-91.0,,,,,,,,,,,,,,,,,,,,,,,,,,-2.941865257375568,6.708168540699193,1.227390927656672
-72.0,-68.0,-55,-56.0,-89.0,-94.0,-71.0,-86.0,-78.0,,-86.0,-67.0,-86.0,-86.0,-63.0,,-94.0,-73.0,-73.0,-78.0,,,-73.0,-87.0,-88.0,-66.0,-66.0,,,,,,,,,-89.0,,,,,,,,,,,,,,,,,,,,,,,,,,,,,,,,,,,,,,,,,,,-0.6969837406581237,3.924118477904736,3.4922891818433177
-62.0,,-40,-47.0,-72.0,-89.0,-62.0,-77.0,-64.0,-61.0,-61.0,-50.0,-61.0,-77.0,-51.0,-88.0,-88.0,,,,,-76.0,,-94.0,-94.0,,-46.0,-62.0,-72.0,,-76.0,-77.0,,,,-72.0,,,,,,,,,,,,,,,,,,,,,,,,,,,,,,,,,,,,,,,,,,,0.5783522428319144,-0.9284666403127032,1.5367211802639882
-62.0,,-36,-48.0,-72.0,-90.0,-61.0,-82.0,,-55.0,-54.0,-62.0,-53.0,-82.0,-46.0,,,-63.0,-63.0,,,,-64.0,-88.0,-87.0,,-56.0,,-72.0,,,,,,,,,,,,,,,,,,,,,,,,,,,,,,,,,,,,,,,,,,,,,,,,,,-1.832497524859357,0.7779249170413816,1.91732318362354
-53.0,,-41,-45.0,,-85.0,-53.0,-77.0,-65.0,-69.0,-69.0,-56.0,-70.0,-78.0,-51.0,,,-59.0,-59.0,,-90.0,,-59.0,-81.0,-86.0,,-52.0,-70.0,,,,,,,,,,,,,,,,,,,,,,,,,,,,,,,,,,,,,,,,,,,,,,,,,,,-0.3513949293571148,-0.1868805751582583,-0.3670802329909844
-42.0,,-49,-59.0,-73.0,-87.0,-42.0,-62.0,,-46.0,-46.0,-34.0,-47.0,-62.0,,,,-47.0,-47.0,,,,-47.0,-77.0,-77.0,,,-56.0,,-92.0,,-60.0,,,,-74.0,-93.0,,,,,,,,,,,,,,,,,,,,,,,,,,,,,,,,,,,,,,,,,,3.16774130451286,-3.4455636954347333,5.968293201236715
,,-48,-45.0,,-80.0,,-72.0,,-55.0,-55.0,-36.0,-55.0,-72.0,-46.0,-81.0,,-62.0,-62.0,-72.0,-82.0,-73.0,-62.0,-90.0,-91.0,,-34.0,-61.0,,,-77.0,-70.0,-87.0,,,,,,,,,,,,,,,,,,,,,,,,,,,,,,,,,,,,,,,,,,,,,,1.6873914287807523,-0.9305953243820858,1.5116255638761895
-42.0,,-50,-60.0,,-78.0,-42.0,-65.0,-63.0,-69.0,,-47.0,-68.0,-65.0,-66.0,-87.0,,-59.0,-59.0,,,,-59.0,,-89.0,,-47.0,-63.0,,,-61.0,-75.0,,,,,,,,,,,,,,,,,,,,,,,,,,,,,,,,,,,,,,,,,,,,,,,1.478851489168414,-5.657347552742898,4.177338132423444
-53.0,,-43,-45.0,,,-53.0,-77.0,-65.0,-69.0,-69.0,-57.0,-69.0,-77.0,-51.0,-90.0,-87.0,-59.0,-59.0,-69.0,-89.0,-71.0,-59.0,-82.0,-85.0,,-52.0,,-74.0,,,,,,,,,,,,,,,,,,,,,,,,,,,,,,,,,,,,,,,,,,,,,,,,,,-0.3513949293571148,-0.1868805751582583,-0.3670802329909844
-71.0,-70.0,-55,-58.0,,-94.0,-71.0,-86.0,,-84.0,-85.0,-67.0,-84.0,-86.0,-58.0,,,-74.0,-73.0,-75.0,,-77.0,-74.0,-87.0,-86.0,-68.0,-66.0,,,,,,,,,,,,,,,,,,,,,,,,,,,-94.0,,,,,,,,,,,,,,,,,,,,,,,,,-0.6969837406581237,3.924118477904736,3.4922891818433177
-52.0,,-55,-63.0,-65.0,-96.0,-52.0,-70.0,-61.0,-51.0,-51.0,-51.0,-51.0,-69.0,-63.0,,-86.0,-50.0,-50.0,-61.0,-87.0,-55.0,-50.0,-76.0,-75.0,,,-57.0,-67.0,,,,,,,-63.0,,,,,,,,,,,,,,,,,,,,,,,,,,,,,,,,,,,,,,,,,,,2.3917742505949526,5.541187124622234,1.6236622368541471
-54.0,,-55,-68.0,-68.0,,-54.0,-80.0,-68.0,-54.0,-53.0,-53.0,-54.0,-80.0,,,,-52.0,-52.0,-58.0,,-58.0,-52.0,-73.0,-73.0,,-49.0,,,,-86.0,,,,-95.0,-68.0,,,,,,-85.0,,,,,,,,,,,,,-87.0,,,,,,,,,,,,,,,,,,,,,,,,3.1552361489339256,6.373952120350798,0.0049816282156304
-76.0,,-55,-56.0,-87.0,-97.0,-76.0,-88.0,,-66.0,-67.0,-68.0,-66.0,-88.0,-56.0,,,-65.0,-65.0,-80.0,,,-65.0,-91.0,-91.0,,-64.0,,-86.0,,-86.0,,,,,-87.0,,,,,,,,,,,,,,,,,,,,,,,,,,,,,,,,,,,,,,,,,,,-0.427226299658719,3.610514907666256,3.8586349774541535
-61.0,,-27,-38.0,,-84.0,-61.0,-76.0,-68.0,-64.0,-64.0,-42.0,-64.0,-76.0,-59.0,-80.0,,-66.0,-66.0,,,,-66.0,,,,-46.0,-66.0,-74.0,,,-79.0,,,,,,,,,,,,,,,,,,,,,,,,,,,,,,,,,,,,,,,,,,,,,,,-0.3093019610122,-2.55265591325598,1.7697581656897785
-50.0,-72.0,-56,-54.0,,-96.0,-51.0,-68.0,-62.0,-40.0,-41.0,-53.0,-35.0,-68.0,-65.0,-76.0,-76.0,-44.0,-44.0,-60.0,-76.0,-58.0,-45.0,-74.0,-73.0,-73.0,-49.0,-60.0,-64.0,,,-66.0,,,,-65.0,,,,,,,,,,,,,,,,,,,,,,,,,,,,,,,,,,,,,,,,,,,2.7324110382763904,0.1731241138108729,3.2339891846769446
-55.0,,-52,-58.0,,-76.0,-55.0,-75.0,,-64.0,-64.0,-37.0,-65.0,-75.0,-61.0,-92.0,,-69.0,-69.0,,,,-67.0,-94.0,-94.0,,,,-85.0,,,-73.0,,,,-85.0,,,,,,,,,,,,,,,,,,,,,,,,,,,,,,,,,,,,,,,,,,,1.2665859876109036,-5.309046786210002,0.7913892815847825
-74.0,,-58,-67.0,-81.0,,-74.0,,-77.0,-73.0,-73.0,-67.0,-73.0,,-51.0,,-87.0,-70.0,-70.0,-77.0,-89.0,-78.0,-70.0,-81.0,-81.0,,-69.0,-79.0,-79.0,,-87.0,,,,,-81.0,,,,,,-88.0,,,,,,,,,,,,,,,,,,,,,,,,,,,,,,,,,,,,,-0.0201655422938315,6.335672871009273,-0.5625199865053465
-58.0,,-46,-39.0,,-86.0,-58.0,-76.0,,-57.0,,,-57.0,-76.0,-46.0,,,-57.0,-57.0,,,-82.0,-57.0,,-86.0,,,,,,,,,,,,,,,,,,,,,,,,,,,,,,,,,,,,,,,,,,,,,,,,,,,,,,-0.0052446694106381,0.5007780769237374,3.1739586248521965
,,-48,,,,,,,,,,,,,,,,,,,,,,,,,,,,,,,,,,,,,,,,,,,,,,,,,,,,,,,,,,,,,,,,,,,,,,,,,,,,0.3310141494738833,-1.5216233160547872,2.710423549693214
-61.0,,-38,-41.0,-79.0,,-60.0,-76.0,-71.0,-67.0,-66.0,-52.0,-66.0,-77.0,-51.0,,-83.0,-62.0,-62.0,,,-77.0,-63.0,-88.0,-87.0,,-53.0,-76.0,,,-68.0,,,,,,,,,,,,,,,,,,,,,,,,,,,,,,,,,,,,,,,,,,,,,,,,0.3535849334749465,1.026304592561614,4.505528781282036
-58.0,,-39,-41.0,,-82.0,-58.0,-78.0,,-54.0,-55.0,-54.0,-52.0,-78.0,-53.0,,,-59.0,-58.0,,,,-58.0,,,,-54.0,,,,,,,,,,,,,,,,,,,,,,,,,,,,,,,,,,,,,,,,,,,,,,,,,,,,0.0269525972166131,0.1153902469725892,3.180239127758336
-46.0,,-51,-50.0,-66.0,-82.0,-46.0,-66.0,,-46.0,-47.0,-34.0,-47.0,-66.0,-51.0,,,-57.0,-57.0,-67.0,,-67.0,-57.0,-83.0,-83.0,,-36.0,-64.0,-66.0,-91.0,,-67.0,,,,-66.0,-93.0,,,,,,,,,,,,,,,,,,,-92.0,,,,,,,,,,,,,,,,,,,,,,,2.2594260961820627,-0.9493071646113332,1.506838449811097
-78.0,,-62,-69.0,-87.0,,-78.0,-88.0,-78.0,-68.0,-68.0,-60.0,-68.0,-89.0,-62.0,,,-74.0,-74.0,,,,-74.0,-83.0,-83.0,,-62.0,-77.0,,,,,-81.0,,,,,,,,,,-83.0,,,,,,,,,,,,,,,,,,,,,,,,,,,,,,,,,,,,0.533805428332836,5.331203049310279,1.6311110635210362
-77.0,,-61,-67.0,-86.0,,-77.0,-88.0,,-68.0,-68.0,-60.0,-68.0,-89.0,-59.0,,,-74.0,-74.0,-65.0,-90.0,-67.0,-73.0,-81.0,-80.0,,-62.0,,-85.0,,,,,,,-87.0,,,,,,-90.0,,,,,,,,,,,,-93.0,,,-93.0,-92.0,,,,,,,,,,,,,,,,,,,,,0.533805428332836,5.331203049310279,1.6311110635210362
-76.0,-69.0,-56,-56.0,,-96.0,-75.0,-87.0,-79.0,-66.0,-67.0,-67.0,-67.0,-88.0,-57.0,,,-64.0,-65.0,-81.0,,-82.0,-64.0,-90.0,-89.0,-72.0,-64.0,,,,,,,,,,,,,,,,,,,,,,,,,,,,,,,,,,,,,,,,,,,,,,,,,,,,-0.427226299658719,3.610514907666256,3.8586349774541535
-75.0,-64.0,-62,-62.0,-83.0,,-75.0,-91.0,-79.0,,,-68.0,,-91.0,-47.0,,,,,,,,,-87.0,-87.0,-65.0,-67.0,,,,,,-85.0,,,,,,,,,-89.0,-80.0,,,,,,,,,,,,,,,,,,,,,,,,,,,,,,,,,,,,-0.0017093609423512,6.311300245686593,3.2636484977898657
-48.0,,-67,-61.0,-80.0,-79.0,-48.0,-68.0,-61.0,,,-43.0,,-68.0,-61.0,,,-67.0,-68.0,,,,-67.0,,,,-46.0,-59.0,,,,-82.0,,,,,,,,,,,,,,,,,,,,,,,,,,,,,,,,,,,,,,,,,,,,,,,-0.6411900151231129,-5.10812839976957,-1.872791679320696
-48.0,-76.0,-50,-55.0,,-85.0,-48.0,-69.0,-59.0,-50.0,-50.0,-33.0,-50.0,-69.0,-63.0,-75.0,-75.0,-44.0,-44.0,,-75.0,,-44.0,-77.0,-77.0,,-33.0,-59.0,,-92.0,-72.0,-65.0,,,,,,,,,,,,,,,,,,,,,,,,,,,,,,,,,,,,,,,,,,,,,,,2.9644148230779126,-2.221070097894312,0.4796789727832428
-75.0,-64.0,-62,-62.0,,,-75.0,-91.0,-79.0,,,-69.0,-74.0,-91.0,-45.0,,,-75.0,-75.0,-71.0,,-72.0,-75.0,-87.0,-87.0,-63.0,-67.0,,,,,,-88.0,,,,,,,,,-89.0,,,,,,,,,,,,,,,,,,,,,,,,,,,,,,,,,,,,,-0.0017093609423512,6.311300245686593,3.2636484977898657
-60.0,-64.0,-64,-77.0,-72.0,,-60.0,-81.0,-65.0,-52.0,-52.0,-50.0,-52.0,-81.0,-68.0,,-96.0,,,-54.0,,-54.0,,-62.0,-62.0,-66.0,-49.0,-65.0,-72.0,,,-80.0,-85.0,,-90.0,-72.0,,,,,,-87.0,-78.0,,,,,,,,,,,,,,,-94.0,-90.0,,,,,,,,,,,,,,,,,,,,3.5619075918904617,8.093308379685054,-0.0151065931306649
-59.0,-79.0,-40,-44.0,,-76.0,-59.0,-75.0,-69.0,-61.0,-61.0,-52.0,-62.0,-74.0,-53.0,-86.0,,,,,-86.0,,-60.0,-89.0,-89.0,-80.0,-54.0,-65.0,,,,-87.0,-90.0,,,,,,,,,,,,,,,,,,,,,,,,,,,,,,,,,,,,,,,,,,,,,,0.1105520011017816,-0.916206132737322,3.19080624415464
-59.0,,-45,-45.0,-78.0,-82.0,-59.0,-74.0,-66.0,-54.0,-53.0,-53.0,-53.0,-74.0,-57.0,,,-57.0,-57.0,,-84.0,,-57.0,-86.0,-84.0,,-52.0,-69.0,-77.0,,,-78.0,,,,,,,,,,,,,,,,,,,,,,,,,,,,,,,,,,,,,,,,,,,,,,,-0.2070977604640335,0.2459600696471658,-0.3690921216086352
-62.0,,-39,-47.0,,-90.0,-62.0,-78.0,-64.0,-62.0,,-50.0,-61.0,-78.0,-49.0,,,-64.0,-64.0,,-88.0,,-64.0,,,-85.0,-46.0,-62.0,,,,,,,,-70.0,,,,,,,,,,,,,,,,,,,,,,,,,,,,,,,,,,,,,,,,,,,0.5783522428319144,-0.9284666403127032,1.5367211802639882
-56.0,,-42,-50.0,-80.0,-82.0,-56.0,-77.0,-67.0,,,,-64.0,-77.0,-61.0,,,-73.0,-73.0,,,,-73.0,,-89.0,,,,,,-69.0,,,,,,,,,,,,,,,,,,,,,,,,,,,,,,,,,,,,,,,,,,,,,,,,-2.2964316042993502,-2.464791144631836,0.5700083559431515
-35.0,,-54,-58.0,-63.0,,-35.0,-58.0,-54.0,-59.0,-58.0,-32.0,-58.0,-59.0,-58.0,-90.0,-89.0,,,,,-75.0,,-81.0,-81.0,,-34.0,-53.0,-63.0,-88.0,,-57.0,,,,-62.0,-88.0,,-71.0,,,,,,,,,,,,,,,,,,,,,,,,,,,,,,,,,,,,,,,,2.8286861752526,-4.780886396627772,-0.313085456974672
-71.0,-72.0,-65,-64.0,,,-71.0,-84.0,-70.0,-63.0,-63.0,-50.0,-64.0,-84.0,-60.0,-82.0,-87.0,-63.0,-63.0,-51.0,-88.0,-49.0,-62.0,-70.0,-70.0,-71.0,-53.0,-67.0,,,,,,,,,,,,,,,,,,,,,,,,,,,,,,,,,,,,,,,,,,,,,,,,,,,1.633959810401504,5.478344312202952,1.6401636415270844
-57.0,,-41,-53.0,-73.0,-82.0,-57.0,-73.0,,,,-50.0,,-74.0,,-94.0,-94.0,-72.0,-73.0,,,,-73.0,,-90.0,,-55.0,,,,,,,,,,,,,,,,,,,,,,,,,,,,,,,,,,,,,,,,,,,,,,,,,,,,-1.8050807134527205,-2.48539405902682,-1.670480727144363
-48.0,,-51,-55.0,,-85.0,-48.0,-68.0,-58.0,-50.0,-50.0,-33.0,-50.0,-68.0,-63.0,-75.0,-75.0,-44.0,-44.0,,-75.0,,-44.0,-75.0,-75.0,,-33.0,-59.0,-64.0,,,-64.0,,-79.0,,,,,,,,,,,,,,,,,,,,,,,,,,,,,,,,,,,,,,,,,,,,,2.9644148230779126,-2.221070097894312,0.4796789727832428
-56.0,,-42,-52.0,-76.0,-82.0,-56.0,-74.0,,-62.0,,-53.0,,-74.0,-55.0,,,,,,,,,-89.0,-91.0,,-55.0,,,,,-76.0,,,,-76.0,,,,,,,,,,,,,,,,,,,,,,,,,,,,,,,,,,,,,,,,,,,-1.8050807134527205,-2.48539405902682,-1.670480727144363
-55.0,,-38,-37.0,,-84.0,-55.0,-81.0,,,,-59.0,,-81.0,-44.0,-87.0,-87.0,-58.0,-58.0,,-86.0,,-58.0,-92.0,-92.0,,-59.0,-71.0,,,,,,,,,,,,,,,,,,,,,,,,,,,,,,,,,,,,,,,,,,,,,,,,,,,-0.0784907416346284,1.1077924134550412,-1.788711422142536
-78.0,-71.0,-56,-68.0,,,-78.0,-91.0,-79.0,,,-69.0,-70.0,-91.0,-46.0,,,-74.0,-73.0,-83.0,,-84.0,-74.0,-79.0,-78.0,-71.0,-68.0,,,,,,-86.0,,,,,,,,,-91.0,-86.0,,,,,,,,,,,,,,,,,-95.0,,,,,,,,,,,,,,,,,,,0.1735314948353283,6.711613078954704,-1.0194080825584446
-62.0,-54.0,-65,-71.0,-71.0,,-62.0,-80.0,-72.0,-56.0,-56.0,-54.0,-57.0,-80.0,-72.0,,,-56.0,-57.0,-55.0,,-55.0,-57.0,-67.0,-67.0,-58.0,-53.0,-69.0,-71.0,,,-84.0,-79.0,,-88.0,,,,,,,-81.0,-80.0,,,,,,,,,,,,-78.0,,,,-89.0,,-97.0,-97.0,,,,,,,,,,,,,,,,,2.8590271847521422,8.866032148361965,1.5759151580153057
-63.0,,-45,-58.0,,-86.0,-63.0,-79.0,-68.0,-63.0,-63.0,-47.0,,-79.0,-61.0,,-85.0,-71.0,-71.0,,,,-71.0,-96.0,-96.0,,-54.0,-67.0,,,,,,,,,,,,,,,,,,,,,,,,,,,,,,,,,,,,,,,,,,,,,,,,,,,-2.742570045628169,-2.08936749082334,1.503027644730336
-70.0,,-53,-63.0,,-95.0,-70.0,-89.0,,,,,,-88.0,,,,,,-69.0,-94.0,-70.0,,-73.0,-74.0,-73.0,-67.0,,,,,,,,,-91.0,,,,,,,,,,,,,,,,,,,,,,,,,,,,,,,,,,,,,,,,,,,-1.572319345407455,5.318137865917259,-1.5591415360657592
-56.0,,-42,-49.0,,-82.0,-56.0,-80.0,,-63.0,-64.0,-60.0,-63.0,-80.0,-42.0,,,-66.0,-66.0,-72.0,,-71.0,-66.0,-92.0,-91.0,,-53.0,,-71.0,,-76.0,,-94.0,,,-71.0,,,,,,,,,,,,,,,,,,,,,,,,,,,,,,,,,,,,,,,,,,,-1.4212920522824184,0.9306734564801178,1.9045103378240729
-56.0,,-52,-67.0,,-74.0,-56.0,-74.0,-63.0,,-67.0,-48.0,-68.0,-74.0,,,,-72.0,-72.0,,,,-72.0,,,,-48.0,-61.0,-82.0,,,-83.0,,,,,,,,,,,,,,,,,-92.0,-94.0,,,,,,,,,,,,,,,,,,,,,,,,,,,,,-2.5907926754430206,-5.662575875395301,2.262891896487967
-48.0,-76.0,-48,-52.0,-62.0,-82.0,-48.0,-64.0,-58.0,-50.0,-50.0,-26.0,-50.0,-64.0,-60.0,,-75.0,-42.0,-41.0,-71.0,-79.0,,-41.0,-79.0,-79.0,,-30.0,-63.0,-61.0,-95.0,-74.0,-61.0,,,,-61.0,,,,,,,,,,,,,,,,,,,,,,,,,,,,,,,,,,,,,,,,,,,3.331931978237636,-2.8626596700594624,5.993303962216146
-55.0,,-41,-42.0,,-85.0,-55.0,-79.0,-71.0,-63.0,-63.0,-56.0,-63.0,-79.0,-55.0,,,-66.0,-66.0,,,,-66.0,,,,,-71.0,,,-71.0,-90.0,,,,,,,,,,,,,,,,,,,,,,,,,,,,,,,,,,,,,,,,,,,,,,,-1.10607324120438,-2.035109848072137,0.9654392369093387
-59.0,,-54,-57.0,-74.0,-84.0,-59.0,-76.0,-65.0,-67.0,,-45.0,-68.0,-76.0,-63.0,,,-68.0,-68.0,,,,-68.0,,,,-48.0,-70.0,-73.0,,,-78.0,,,,,,,-89.0,,,,,,,,,,,,,,,,,,,,,,,,,,,,,,,,,,,,,,,,0.724894096119361,-4.844348199368684,0.8015442892182505
-40.0,,-54,-60.0,,-92.0,-40.0,-61.0,-55.0,-48.0,-48.0,-32.0,-48.0,-61.0,-57.0,-77.0,,-51.0,-51.0,-66.0,-81.0,-67.0,-51.0,-85.0,-85.0,,-35.0,-51.0,-63.0,-92.0,-72.0,,,,,-63.0,-92.0,,,,,,,,,,,,,,,,,,,,,,,,,,,,,,,,,,,,,,,,,,3.77630916418263,-1.953300260723319,2.918629480477916
-44.0,,-56,-52.0,-66.0,-85.0,-44.0,-65.0,-59.0,-46.0,-46.0,-40.0,-46.0,-65.0,-61.0,,,-42.0,-42.0,-65.0,,-66.0,-42.0,-74.0,-73.0,,,-57.0,,,-80.0,-78.0,,,,-63.0,,,,,,,,,,,,,,,,,,,,,,,,,,,,,,,,,,,,,,,,,,,2.792570989793139,-1.487590265429309,6.219950513264935
-60.0,,-73,-64.0,,,-60.0,-77.0,-67.0,-60.0,-61.0,-61.0,-61.0,-77.0,,,,,,-70.0,,-71.0,,-71.0,-71.0,,-61.0,-68.0,,,,,,,-92.0,,,,,,,,,,,,,,,,,,,,,,,,-92.0,,,,,,,,,,,,,,,,,,,,2.3859703942229924,8.004709078695074,3.388018957752632
-60.0,,-39,-47.0,-74.0,-80.0,-60.0,-79.0,-67.0,-62.0,,-50.0,-62.0,-78.0,-54.0,,-83.0,,,,-83.0,-82.0,,,,,-52.0,-62.0,-72.0,,,,,,,-74.0,,,,,,,,,,,,,,,,,,,,,,,,,,,,,,,,,,,,,,,,,,,0.1407427911862067,-2.113544615118664,2.732164194840457
-62.0,-79.0,-48,-44.0,,-95.0,-61.0,-82.0,,-59.0,-58.0,-64.0,-58.0,-82.0,-41.0,,,-62.0,-62.0,,,,-62.0,-93.0,-94.0,,-56.0,,,,,,,,,-73.0,,,,,,,,,,,,,,,,,,,,,,,,,,,,,,,,,,,,,,,,,,,-2.591665814025593,0.9672509012598568,1.3058452696893428
-76.0,-67.0,-61,-67.0,,,-75.0,-91.0,,,,-70.0,,-91.0,-55.0,,-86.0,-76.0,-76.0,,-89.0,-75.0,-76.0,-85.0,-85.0,-68.0,-66.0,,-91.0,,,-94.0,-81.0,,,,,,,,,-91.0,,,,,,,,,,,,-97.0,,,,,,,,,,,,,,,,,,,,,,,,,-2.026292334458684,4.918326470840337,1.719884655237775
-51.0,,-41,-39.0,-82.0,-81.0,-51.0,-77.0,-68.0,-57.0,-57.0,-56.0,-57.0,-77.0,-47.0,-88.0,-89.0,,,,,-75.0,,-89.0,-88.0,-85.0,-54.0,-66.0,,,,-82.0,,,,-82.0,,,,,,,,,,,-92.0,,,,,,,,,,,,,,,,-94.0,,,,,,,,,,,,,,,,-1.1101589669398968,1.328027205527693,4.443521153205849
-51.0,,-56,-63.0,-66.0,,-51.0,-70.0,-62.0,-51.0,-51.0,-52.0,-51.0,-70.0,-64.0,,,-50.0,-50.0,-63.0,,-63.0,-50.0,-76.0,-76.0,,-48.0,-58.0,-66.0,,,,,,,-66.0,,,,,,,,,,,,,,,,,,,,,,,,,,,,,,,,,,,,,,,,,,,2.3917742505949526,5.541187124622234,1.6236622368541471
-61.0,,-41,-57.0,-71.0,-78.0,-61.0,-80.0,-71.0,-57.0,-57.0,-55.0,-56.0,-80.0,-57.0,-86.0,,-71.0,-71.0,,,-78.0,-71.0,,,,-51.0,-73.0,,,,-77.0,,,,-71.0,,,,,,,,,,,,,,,,,,,,,,,,,,,,,,,,,,,,,,,,,,,-2.2751274386426816,-2.085581672625169,1.94815475735341
-41.0,,-41,-46.0,-68.0,-89.0,-42.0,-65.0,-53.0,,,-28.0,,-65.0,-62.0,,,-53.0,-54.0,-65.0,,-65.0,-53.0,-84.0,-82.0,,-32.0,-49.0,,-92.0,,-68.0,,-80.0,,,,,,,,,,,,,,,,,,,,,,,,,,,,,,,,,,,,,,,,,,,,,2.7092435026370465,-0.9396693837095598,1.4952445183018923
-52.0,,-38,-37.0,,-87.0,-52.0,-74.0,-65.0,-60.0,-62.0,-50.0,-63.0,-74.0,-43.0,-87.0,,-59.0,-59.0,,,,-59.0,,-86.0,,-52.0,-65.0,-71.0,,,-82.0,,,,-71.0,,,,,,,,,,,,,,,,,,,,,,,,,,,,,,,,,,,,,,,,,,,-1.571813935254664,1.43310757587103,4.910418043486953
-69.0,,-62,-65.0,-85.0,-94.0,-69.0,-86.0,,,-69.0,-68.0,,-86.0,-51.0,-90.0,,,,-76.0,,-77.0,,-79.0,-79.0,,-68.0,,-85.0,,,,-85.0,,,,,,,,,,,,,,,,,,,,,,,,,,,,,,,,,,,,,,,,,,,,,,-1.857795734121251,5.132468261975264,-0.8209534370897397
-75.0,-64.0,-62,-62.0,,,-75.0,-91.0,,,,-68.0,-75.0,-90.0,-47.0,,,-76.0,-75.0,,-96.0,,-76.0,-86.0,-86.0,-63.0,-68.0,,-83.0,,,,-88.0,,,-83.0,,,,,,,-80.0,,,,,,,,,,,,,,,,,,,,,,,,,,,,,,,,,,,,-0.0017093609423512,6.311300245686593,3.2636484977898657
-60.0,,-38,-47.0,-75.0,-79.0,-60.0,-78.0,-67.0,,-61.0,-49.0,-61.0,-78.0,-55.0,,-83.0,,,-84.0,,-84.0,,,,,-51.0,-62.0,,,,-86.0,,,,-74.0,,,,,,,,,,,,,,,,,,,,,,,,,,,,,,,,,,,,,,,,,,,0.1407427911862067,-2.113544615118664,2.732164194840457
-56.0,,-41,-54.0,-78.0,-80.0,-56.0,-75.0,,,-60.0,-47.0,-61.0,-75.0,-63.0,,,-62.0,-62.0,,-91.0,,-61.0,,,,-48.0,,,,,-76.0,,,,,,,,,,,,,,,,,,,,,,,,,,,,,,,,,,,,,,,,,,,,,,,-0.0929622141607901,-4.962779872443984,1.680613505807586
-66.0,-79.0,-32,-43.0,-83.0,-92.0,-66.0,-79.0,-66.0,-65.0,,-61.0,-65.0,-79.0,-38.0,-87.0,-83.0,-62.0,-62.0,,-85.0,,-62.0,-95.0,-94.0,,-60.0,,-82.0,,,,,,,-82.0,,,,,,,,,,,,,,,,,,,,,,,,,,,,,,,,,,,,,,,,,,,-2.402515464669073,0.7651838627404793,1.474290974007078
-56.0,,-39,-43.0,,-84.0,-55.0,-80.0,-71.0,-61.0,,,-63.0,-79.0,,,,-66.0,-66.0,,,,-66.0,,,,,-71.0,,,,,,,,,,,,,,,,,,,,,,,,,,,,,,,,,,,,,,,,,,,,,,,,,,,-1.10607324120438,-2.035109848072137,0.9654392369093387
-46.0,,-52,-57.0,-64.0,-89.0,-45.0,-69.0,-59.0,-40.0,-40.0,-39.0,-40.0,-69.0,-65.0,,,-44.0,-44.0,,,-65.0,-44.0,-70.0,-69.0,,-39.0,-61.0,,,,-68.0,-81.0,,,,,,,,,,,,,,,,,,,,,,,,,,,,,,,,,,,,,,,,,,,,,,3.552067942362116,0.1429765306049081,0.0182617621420181
-51.0,-70.0,-53,-61.0,-75.0,-91.0,-51.0,-70.0,-65.0,-59.0,-60.0,-50.0,-60.0,-69.0,-55.0,,,-45.0,-45.0,-56.0,,-56.0,-44.0,-77.0,-77.0,-72.0,,-62.0,,,,-78.0,-83.0,-85.0,,-75.0,,-96.0,,,,-86.0,,,,,,,,,,,,,,,,,,,,,,,,,,,,,,,,,,,,,2.42901225917396,3.2742142942868417,3.148899288887179
-80.0,-78.0,-61,-62.0,,-94.0,-80.0,-92.0,,,,-65.0,-68.0,-92.0,-53.0,,,-78.0,-78.0,,-96.0,-73.0,-79.0,-82.0,-81.0,-78.0,-66.0,-75.0,,,,,,,,-91.0,,,,,,,,,,,,,,,,,,,,,,,,,,,,,,,,,,,,,,,,,,,-2.328564734227297,5.75148845329782,0.633602994984014
-54.0,,-53,-62.0,-65.0,-96.0,-54.0,-69.0,-57.0,-40.0,-39.0,-39.0,-40.0,-69.0,-67.0,-77.0,-77.0,-44.0,-44.0,-70.0,-77.0,-65.0,-43.0,-70.0,-70.0,,-40.0,-66.0,,,,,,,,,,,,,,,,,,,,,,,,,,,,,,,,,,,,,,,,,,,,,,,,,,,3.515069314457977,0.8887169827446488,0.0315415690446226
-61.0,-80.0,-38,-47.0,-73.0,-81.0,-60.0,-75.0,-63.0,-52.0,-52.0,-50.0,-52.0,-75.0,-46.0,-88.0,-87.0,-60.0,-60.0,-68.0,-88.0,-69.0,-60.0,-96.0,-94.0,,-44.0,-68.0,,,,,,,,,,,,,,,,,,,,,,,,,,,,,,,,,,,,,,,,,,,,,,,,,,,1.1054551398137988,-0.9311709112020414,1.5148812350091978
-56.0,,-54,-68.0,-80.0,-74.0,-56.0,-74.0,,-67.0,-67.0,-48.0,,-74.0,,,-90.0,-72.0,-71.0,,-91.0,,-71.0,,,,-48.0,,,,,,,,,-81.0,,,,,,,,,,,,,,,-94.0,,,,,,,,,,,,,,,,,,,,,,,,,,,,-2.5907926754430206,-5.662575875395301,2.262891896487967
-44.0,,-58,-61.0,,-77.0,-44.0,-67.0,,,,-46.0,-66.0,-67.0,-63.0,-89.0,-89.0,-63.0,-63.0,-85.0,-89.0,,-63.0,,-91.0,,-46.0,-65.0,,,-71.0,,,,,,,,,,,,,,,,,,,,,,,,,,,,,,,,,,,,,,,,,,,,,,,,0.5575726122812991,-5.40025517215614,-1.8232116319224247
-48.0,,-56,-57.0,-68.0,-97.0,-48.0,-73.0,,-40.0,-40.0,-42.0,-40.0,-73.0,-62.0,-85.0,-85.0,-50.0,-50.0,-61.0,-85.0,-61.0,-50.0,-79.0,-79.0,,-45.0,-60.0,-68.0,,,-80.0,,,,-68.0,,,,,,,,,,,,,,,,,,,,,,,,,,,,,,,,,,,,,,,,,,,3.365452102999732,2.64283697307094,0.0500423125893914
-60.0,,-38,-46.0,-70.0,-81.0,-60.0,-76.0,-63.0,-52.0,-52.0,-50.0,-52.0,-76.0,-47.0,,,-60.0,-60.0,-70.0,,-70.0,-60.0,,,,-44.0,-69.0,,,,,,,,,,,-88.0,,,,,,,,,,,,,,-96.0,,,,,,,,,,,,,,,,,,,,,,,,,,1.1054551398137988,-0.9311709112020414,1.5148812350091978
-63.0,,-44,-58.0,-72.0,-87.0,-63.0,-79.0,-67.0,-63.0,-63.0,-49.0,-63.0,-79.0,-62.0,,,-71.0,-71.0,,,,-71.0,,,,,-68.0,,,,,,,,-72.0,,,,-94.0,,,,,,,,,,,,,,,,,,,,,,,,,,,,,,,,,,,,,,,-2.742570045628169,-2.08936749082334,1.503027644730336
-44.0,,-58,-53.0,-67.0,-96.0,-44.0,-70.0,,-42.0,-42.0,-37.0,-42.0,-70.0,-59.0,,-81.0,-48.0,-48.0,-53.0,-82.0,-54.0,-48.0,-73.0,-73.0,,-41.0,,-63.0,,,-65.0,,,,,,,,,,,,,,,,,,,,,,,,,,,,,,,,,,,,,,,,,,,,,,,3.57952216805532,-0.2417441992268699,0.0015069546966858
-51.0,,-40,-44.0,-76.0,-82.0,-51.0,-70.0,-71.0,-63.0,-63.0,-52.0,-63.0,-70.0,-48.0,,-94.0,-59.0,-59.0,-75.0,-92.0,-73.0,-59.0,-92.0,-94.0,,-52.0,-71.0,-75.0,,,-77.0,,,,-75.0,,,,,,,,,,,,,,,,,,,,,,,,,,,,,,,,,,,,,,,,,,,0.8276965067073397,-0.1156602091905457,3.615676835329488
-76.0,,-60,-66.0,,,-76.0,-89.0,,,-65.0,-70.0,,-89.0,-47.0,,,-79.0,-79.0,-71.0,,-69.0,-79.0,-89.0,-89.0,,-64.0,,,,,,,,,,,,,,,,,,,,,,,,,,,,,,,,,,,,,,,,,,,,,,,,,,,,-1.025716676499621,4.663910889730939,2.3267684745619466
-73.0,,-58,-69.0,,-92.0,-73.0,-85.0,,,,-76.0,,-85.0,,,-94.0,-66.0,-66.0,-68.0,,,-65.0,-81.0,-81.0,,-72.0,,,,-80.0,,-87.0,,,,,,,,,,-86.0,,,,,,,,,,,,,,,,,,,,,,,,,,,,,,,,,,,,-1.004387660159272,5.399200942528485,-1.079844285035861
-58.0,,-49,-53.0,,-79.0,-58.0,-76.0,-71.0,-63.0,-62.0,-54.0,,-76.0,-50.0,,,-59.0,-60.0,-80.0,-91.0,-81.0,-59.0,,-86.0,,-57.0,-69.0,-82.0,,-74.0,-87.0,,,,-82.0,,,,,,,,,,,,,,,,,,,,,,,,,,,,,,,,,,,,,,,,,,,-1.6803239872100448,-1.9466838859476008,-0.0341111465920271
-53.0,,-51,-60.0,,,-53.0,-68.0,,-54.0,-54.0,-42.0,-54.0,-68.0,-60.0,-85.0,,-50.0,-49.0,-71.0,-84.0,-70.0,-50.0,-70.0,-71.0,,-40.0,,-62.0,,,-68.0,,,,,,,-83.0,,,,,,,,,,,,,,,,,,,,,,,,,,,,,,,,,,,,,,,,3.460306423036549,1.5605726808049318,0.035373069988855
-41.0,,-53,-59.0,-74.0,-86.0,-40.0,-58.0,-61.0,-63.0,-63.0,-39.0,-64.0,-58.0,-67.0,,,-48.0,-48.0,,,,-48.0,,-86.0,,-37.0,-60.0,,-95.0,,-71.0,,,,,,,,,,,,,,,,,,,,,,,,,,,,,,,,,,,,,,,,,,,,,,,2.062576588236165,-5.843096061243903,-1.6990458794368088
-61.0,,-43,-40.0,-71.0,-91.0,-62.0,-74.0,-72.0,-59.0,-60.0,-52.0,-59.0,-74.0,-51.0,,,,,-79.0,,-80.0,,,-91.0,,-51.0,,,,,-76.0,,,,,,,,-97.0,,,,,,,,,,,,,,,,,,,,,,,,,,,,,,,,,,,,,,,0.0335487865909473,-0.3239419886575338,3.1902315324854973
-53.0,,-45,-41.0,-82.0,-78.0,-53.0,-73.0,-66.0,-54.0,-54.0,-53.0,-54.0,-73.0,-54.0,-86.0,-85.0,,,,-85.0,,,-83.0,-83.0,,,-63.0,,,,,,,,-82.0,,,,,,,,,,,,,,,,,,,,,,,,,,,,-97.0,,,,,,,,,,,,,,,-0.7765896844364418,-1.3807130199090514,-0.4074295321406685
-61.0,,-39,-41.0,,-82.0,-61.0,-76.0,,,,-53.0,,-77.0,-51.0,,,-62.0,-62.0,-76.0,,,-62.0,-88.0,-87.0,,-53.0,,,,-68.0,-87.0,,,,,,,,,,,,,,,,,,,,,,,,,,,,,,,,,,,,,,,,,,,,,,,0.3535849334749465,1.026304592561614,4.505528781282036
-60.0,,-40,-38.0,-86.0,-86.0,-59.0,-76.0,,-54.0,-54.0,-56.0,-53.0,-76.0,-44.0,,-82.0,-59.0,-59.0,-73.0,,-73.0,-59.0,,-85.0,,,,,,-75.0,,,,,,,,,,,,,,,,,,,,,,,,,,,,,,,,,,,,,,,,,,,,,,,,-0.495625333623642,1.189447355689398,4.449460147351544
-49.0,,-46,-54.0,,-82.0,-48.0,-64.0,-59.0,-50.0,-50.0,-26.0,-50.0,-64.0,-64.0,-78.0,-78.0,-42.0,-42.0,,-78.0,,-42.0,-78.0,-79.0,,-30.0,-62.0,,-92.0,,-65.0,,-78.0,,,-95.0,,,,,,,,,,,,,,,,,,,,,,,,,,,,,,,,,,,,,,,,,,3.331931978237636,-2.8626596700594624,5.993303962216146
-43.0,-71.0,-53,-65.0,-68.0,-95.0,-44.0,-68.0,-62.0,-49.0,-49.0,-47.0,-49.0,-68.0,-79.0,,,-46.0,-45.0,-52.0,-95.0,-53.0,-46.0,-69.0,-69.0,,-49.0,-65.0,,,,-78.0,,,,-68.0,,,,,,-91.0,,,,,,,,,,,,,,,,-94.0,,,,,,,,,,,,,,,,,,,,,2.363949173993258,4.925283585801298,3.1058364345383347
-80.0,,-61,-62.0,,-94.0,-80.0,-91.0,,,,-65.0,,-92.0,-54.0,,-97.0,,,,-97.0,,,-81.0,-81.0,,-67.0,,-91.0,,,,,,,,,,,,,,,,,,,,,,,,,,,,,,,,,,,,,,,,,,,,,,,,,,-2.328564734227297,5.75148845329782,0.633602994984014
-48.0,,-47,-59.0,-73.0,,-48.0,-73.0,-61.0,-50.0,-49.0,-43.0,-50.0,-73.0,-68.0,,,-50.0,-50.0,-64.0,,-65.0,-50.0,-62.0,-62.0,,-44.0,-59.0,-76.0,,,-75.0,,,,-73.0,,,,,,,,,,,,,,,,,,,,,,,,,,,,,,,,,,,,,,,,,,,3.2798602485717785,3.492043719613039,0.0641909025025101
-47.0,,-51,-55.0,-64.0,-85.0,-46.0,-68.0,-59.0,-50.0,-49.0,-32.0,-50.0,-69.0,-66.0,-75.0,-75.0,-44.0,-44.0,-70.0,,-72.0,-44.0,-76.0,-75.0,,-33.0,-60.0,-63.0,,-72.0,-65.0,,,,,,-97.0,,,,,,,,,,,,,,,,,,,,,,,,,,,,,,,,,,,,,,,,,2.9644148230779126,-2.221070097894312,0.4796789727832428
-42.0,,-50,-63.0,-80.0,-77.0,-42.0,-64.0,,,,-47.0,-70.0,-65.0,-60.0,-87.0,-87.0,-59.0,-59.0,,-81.0,,-59.0,,-89.0,,-46.0,-64.0,-81.0,,,,,,,,,,,,,,,,,,,,,,,,,,,,,,,,,,,,,,,,,,,,,,,,,,1.478851489168414,-5.657347552742898,4.177338132423444
-76.0,-72.0,-57,-65.0,-78.0,,-76.0,-89.0,-80.0,-65.0,-65.0,-70.0,-65.0,-90.0,-47.0,-92.0,-89.0,-78.0,-78.0,-69.0,,-66.0,-78.0,-91.0,-91.0,-67.0,-64.0,-80.0,,,,-94.0,,,,-78.0,,,,,,,,,,,,,,,,,,,,,,,,,,,,,-96.0,,,,,,,,,,,,,,-1.025716676499621,4.663910889730939,2.3267684745619466
-76.0,,-55,-56.0,,-96.0,-76.0,-88.0,,-67.0,-67.0,-67.0,-67.0,-88.0,-58.0,,,-64.0,-65.0,-81.0,,-82.0,-65.0,-88.0,-88.0,,-64.0,,,,,,,,,-87.0,,,,,,,,,,,,,,,,,,,,,,,,,,,,,,,,,,,,,,,,,,,-0.427226299658719,3.610514907666256,3.8586349774541535
,,-61,,,,,,,,,,,,,,,,,,,,,,,,,,,,,,,,,,,,,,,,,,,,,,,,,,,,,,,,,,,,,,,,,,,,,,,,,,,,-2.941865257375568,6.708168540699193,1.227390927656672
-66.0,-61.0,-59,-74.0,-64.0,,-66.0,-79.0,,-58.0,-65.0,-60.0,-57.0,-79.0,-77.0,,,-66.0,-65.0,-52.0,,-52.0,-66.0,-69.0,-69.0,-62.0,-60.0,-71.0,-69.0,,,,-82.0,,-92.0,-70.0,,,,,,-78.0,-77.0,,,,,,,,,,,,,,,,-92.0,,,,,,,,,,,,,,,,,,,,2.397914881205657,8.80596425453137,1.5778622390389332
-76.0,,-62,-57.0,-79.0,,-76.0,-91.0,,,,,-74.0,-92.0,,,,-71.0,-71.0,,,,-71.0,-81.0,-81.0,,,,-76.0,,,,,,,-79.0,,,,,,,,,,,,,,,,,,,,,,,,,,,,,,,,,,,,,,,,,,,-0.5515689818397091,5.147864525890981,2.334752572371376
-60.0,-61.0,-61,-76.0,-78.0,,-61.0,-80.0,-71.0,-57.0,,-50.0,-58.0,-80.0,-72.0,,-93.0,-61.0,-61.0,-56.0,-91.0,-59.0,-61.0,-62.0,-61.0,-66.0,-48.0,-68.0,-78.0,,,,,,-89.0,-78.0,,,-86.0,,,-88.0,,,,,,,,,,,,-92.0,,,-92.0,-92.0,-89.0,,,,,,,,,,,,,,,,,,,,3.504899506323452,8.980546422449562,6.28592141929049
-74.0,,-59,-59.0,-79.0,,-74.0,-86.0,,-72.0,-71.0,-70.0,,-85.0,-50.0,,,-74.0,-74.0,-72.0,,-75.0,-74.0,-86.0,-86.0,-73.0,-68.0,,-79.0,,,,-89.0,,,-79.0,,,,,,-84.0,,,,,,,,,,,,,,,,,,,,,,,,,,,,,,,,,,,,,-2.676702750401293,4.319785269683791,2.8414444618933525
-60.0,-80.0,-39,-37.0,,,-59.0,-77.0,-67.0,-53.0,-53.0,-56.0,-53.0,-77.0,-44.0,,,-59.0,-59.0,,-85.0,,-59.0,,-85.0,,-52.0,-65.0,,,,,,,,-86.0,,,,,,,,,,,,,,,,,,,,,,,,,,,,,,-96.0,,,,,,,,,,,,,-0.495625333623642,1.189447355689398,4.449460147351544
-76.0,-65.0,-60,-67.0,,,-76.0,-91.0,-85.0,,-73.0,-70.0,,-91.0,,,,-76.0,-75.0,-75.0,,,-76.0,-85.0,-86.0,-68.0,-66.0,-89.0,-91.0,,,,-81.0,,,,,,,,,,,,,,,,,,,,,-98.0,,,,-96.0,,,,,,,,,,,,,,,,,,,,,-2.026292334458684,4.918326470840337,1.719884655237775
-59.0,,-49,-60.0,-88.0,-75.0,-59.0,-75.0,-63.0,-66.0,-66.0,-52.0,-66.0,-75.0,-61.0,,,-75.0,-75.0,,,,-74.0,,,,-54.0,-61.0,-88.0,,-66.0,-77.0,,,,,,,-86.0,-91.0,,,,,,,,,,,,,,,,,,,,,,,,,,,,,,,,,,,,,,,-2.06992529635996,-5.4065945591271865,1.3931831261164271
-61.0,,-40,-40.0,,-81.0,-61.0,-74.0,,-61.0,-61.0,-51.0,,-74.0,-64.0,-82.0,,-62.0,-63.0,-85.0,-81.0,-81.0,-63.0,-95.0,-94.0,,-52.0,,,,-74.0,-87.0,,,,,,,,,,,,,,,,,,,,,,,,,,,,,,,,,,,,,,,,,,,,,,,-0.6764361772158034,-2.3250175114596083,0.944642635084739
-58.0,,-61,-59.0,-85.0,-76.0,-58.0,-77.0,-66.0,-59.0,-59.0,-54.0,,-78.0,-51.0,,,-65.0,-65.0,,,,-65.0,,,,-50.0,-66.0,,,-57.0,,,,,,,,,,,,,,,,,,,,,,,,,,,,,,,,,,,,,,,,,,,,,,,,-0.6629147417466047,-4.67217728203323,0.9444792985848486
-40.0,,-54,-62.0,,-92.0,-40.0,-61.0,-55.0,-48.0,,-33.0,-48.0,-61.0,-57.0,,-77.0,-51.0,-51.0,-66.0,,-66.0,-51.0,-83.0,-85.0,,-36.0,-51.0,-63.0,-92.0,,-66.0,,,,-63.0,-92.0,,,,,,,,,,,,,,,,,,,,,,,,,,,,,,,,,,,,,,,,,,3.77630916418263,-1.953300260723319,2.918629480477916
-61.0,,-39,-46.0,,-80.0,-60.0,-76.0,-63.0,-52.0,-52.0,-50.0,-52.0,-76.0,-48.0,-88.0,-87.0,-60.0,-61.0,-71.0,,-69.0,-61.0,-95.0,-95.0,,-44.0,,,,,-71.0,,,,,,,,,,,,,,,,,,,,,,,,,,,,,,,,,,,,,,,,,,,,,,,1.1054551398137988,-0.9311709112020414,1.5148812350091978
-55.0,-85.0,-49,-55.0,,-91.0,-55.0,-79.0,-71.0,-63.0,-62.0,-53.0,-63.0,-79.0,-51.0,,,,,-73.0,,,,-88.0,-86.0,,-58.0,-79.0,,,-71.0,,,,,,,,-90.0,,,,,,,,,,,,,,,,,,,,,,,,,,,,,,,,,,,,,,,,-0.5200425843220166,-0.6847024760308866,-0.3790476017326744
-44.0,,-44,-48.0,-67.0,-87.0,-45.0,-61.0,-53.0,-42.0,-42.0,-35.0,-42.0,-61.0,-59.0,-76.0,,,,-69.0,-80.0,-69.0,,-80.0,-80.0,,-36.0,-55.0,-68.0,-89.0,,-73.0,-82.0,,,-68.0,-89.0,,,,,,,,,,,,,,,,,,,,,,,,,,,,,,,,,,,,,,,,,,3.642164351275847,-1.1414357869268574,3.450213687465293
-56.0,,-37,-42.0,-82.0,-81.0,-56.0,-76.0,,,,-55.0,,-76.0,,,,-60.0,-60.0,,,,-61.0,-89.0,-89.0,,-54.0,,,,,-83.0,,,,-82.0,,,,,,,,,,,,,,,,,,,,,,,,,,,,,,,,,,,,,,,,,,,0.3632002773172785,0.3300874767505904,3.089263760335643
-46.0,-85.0,-50,-56.0,-63.0,-89.0,-46.0,-68.0,-60.0,-40.0,-40.0,-39.0,-40.0,-68.0,-64.0,-86.0,-86.0,-44.0,-44.0,-66.0,-86.0,-60.0,-44.0,-68.0,-68.0,,-39.0,-60.0,-63.0,,,-71.0,,,,,,,,,,,,,,,,,,,,,,,,,,,,,,,,,,,,,,,,,,,,,,,3.552067942362116,0.1429765306049081,0.0182617621420181
-56.0,,-43,-54.0,-82.0,-82.0,-56.0,-74.0,,-60.0,,-47.0,,-74.0,-63.0,,-91.0,-62.0,-62.0,,,,-62.0,,,,-47.0,,-81.0,,,-72.0,,,,,,,,,,,,,,,,,,,,,,,,,,,,,,,,,,,,,,,,,,,,,,,-0.0929622141607901,-4.962779872443984,1.680613505807586
-56.0,-79.0,-38,-37.0,-73.0,-85.0,-55.0,-81.0,,-60.0,-60.0,-58.0,-60.0,-82.0,-50.0,-87.0,,,,-83.0,-87.0,,,-91.0,-90.0,,-59.0,-67.0,-73.0,,,,,,,-73.0,,,-80.0,,,,,,,,,,,,,,,,,,,,,,,,,,,,,,,,,,,,,,,,-0.0784907416346284,1.1077924134550412,-1.788711422142536
-52.0,,-49,-60.0,,-74.0,-51.0,-72.0,,-60.0,,-37.0,,-72.0,-60.0,,,-62.0,-62.0,,,,-62.0,,,,-39.0,-61.0,,,,,,,,,,,,,,,,,,,,,,,,,,,,,,,,,,,,,,,,,,,,,,,,,,,1.2665859876109036,-5.309046786210002,0.7913892815847825
-35.0,-69.0,-51,-62.0,,-84.0,-36.0,-56.0,-47.0,-43.0,-44.0,-30.0,-44.0,-56.0,-53.0,,,-54.0,-54.0,-70.0,-77.0,-69.0,-54.0,-81.0,-80.0,,-29.0,-44.0,-68.0,-90.0,,,,,,,-90.0,,,,,,,,,,,,,,,,,,,,,,,,,,,,,,,,,,,,,,,,,,3.6815375778064814,-3.727658979529669,3.47994126867216
-58.0,,-50,-53.0,,-79.0,-58.0,-77.0,,-63.0,-63.0,-54.0,-63.0,-77.0,-50.0,-91.0,-91.0,-60.0,-60.0,,-91.0,,-60.0,-87.0,-88.0,,-56.0,,-82.0,,,,,,,-82.0,,,,,,,,,,,,,,,,,,,,,,,,,,,,,,,,,,,,,,,,,,,-1.6803239872100448,-1.9466838859476008,-0.0341111465920271
-50.0,,-57,-59.0,,-76.0,-50.0,-72.0,,-78.0,,-40.0,-76.0,-72.0,-58.0,,,-60.0,-60.0,-80.0,,,-59.0,-96.0,-96.0,,,-65.0,,,-65.0,-77.0,,,,,,,,,,,,,,,,,,,,,,,,,,,,,,,,,,,,,,,,,,,,,,,0.970078772208912,-5.367119901636187,4.173331398802378
-61.0,,-36,-48.0,,-87.0,-61.0,-80.0,-72.0,-60.0,,-55.0,-61.0,-80.0,-57.0,-91.0,-91.0,-71.0,-71.0,-87.0,,,-71.0,-96.0,-95.0,,-52.0,-73.0,,,-67.0,-86.0,,,,,,,,,,,,,,,,,,,,,,,,,,,,,,,,,,,,,,,,,,,,,,,0.0036875998023211,-2.487598183974665,2.726568551328094
-36.0,,-50,-64.0,-62.0,-84.0,-36.0,-62.0,,-47.0,-47.0,-39.0,-47.0,-62.0,-59.0,-84.0,,-49.0,-49.0,-64.0,,,-49.0,-81.0,-80.0,,-40.0,-60.0,-62.0,-86.0,,-60.0,,,,-62.0,-86.0,,,,,,,,,,,,,,,,,,,,,,,,,,,,,,,,,,,,,,,,,,3.631219622342773,-2.7493260547186567,2.9414744263925567
-52.0,,-49,-45.0,-68.0,-81.0,-52.0,,-59.0,-55.0,-55.0,-36.0,-54.0,,-45.0,,,-63.0,-63.0,,,,-63.0,-91.0,-91.0,-81.0,-34.0,-61.0,,,,-70.0,,,,,,,,,,,,,,,,,,,,,,,,,,,,,,,,,,,,,,,,,,,,,,,1.6873914287807523,-0.9305953243820858,1.5116255638761895
-72.0,-67.0,-55,-70.0,-89.0,-92.0,-72.0,-85.0,,-73.0,-74.0,-70.0,-72.0,-85.0,-51.0,,,,,,,,,-81.0,-80.0,-70.0,-71.0,,-89.0,,,,,,,-90.0,,,,,,,,,,,,,,,,,,,,,,,,,,,,,,,,,,,,,,,,,,,-1.004387660159272,5.399200942528485,-1.079844285035861
-44.0,,-50,-58.0,,-83.0,-44.0,-59.0,-54.0,-47.0,-47.0,-30.0,-53.0,-59.0,-62.0,,,-45.0,-44.0,-65.0,,-65.0,-45.0,-78.0,-78.0,,-31.0,-52.0,-76.0,-92.0,,-67.0,,,,-76.0,,-91.0,,,,,,,,,,,,,,,,,,,,,,,,,,,,,,,,,,,,,,,,,2.984649164379888,-4.228891203089991,-0.3129909556612921
-61.0,-80.0,-33,-37.0,,-84.0,-61.0,-76.0,-68.0,-65.0,-65.0,-42.0,-65.0,-76.0,-59.0,-80.0,-81.0,,,,,,,,,,-46.0,-67.0,,,,,,,,,,,,,,,,,,,,,,,,,,,,,,,,,,,,,,,,,,,,,,,,,,,-0.3093019610122,-2.55265591325598,1.7697581656897785
-37.0,,-50,-60.0,-61.0,-85.0,-37.0,-63.0,-57.0,-47.0,-47.0,-39.0,-47.0,-63.0,-61.0,-84.0,,-49.0,-49.0,-67.0,-84.0,-69.0,-49.0,-81.0,-80.0,,-41.0,-55.0,-62.0,-86.0,-80.0,-64.0,,,,,-86.0,,,,,,,,,,,,,,,,,,,,,,,,,,,,,,,,,,,,,,,,,,3.631219622342773,-2.7493260547186567,2.9414744263925567
-61.0,,-47,-44.0,-73.0,-94.0,-61.0,-82.0,,,,-57.0,,-82.0,-39.0,,-88.0,-62.0,-62.0,,-89.0,,-62.0,-92.0,-93.0,,,,,,,,,,,-73.0,,,,,,,,,,,,,,,,,,,,,,,,,,,,,,,,,,,,,,,,,,,-2.591665814025593,0.9672509012598568,1.3058452696893428
-40.0,,-55,-60.0,,,-40.0,-58.0,,,,-39.0,,-58.0,-66.0,,,-48.0,-49.0,,,,-49.0,,-85.0,,-37.0,,,-96.0,-59.0,-71.0,,,,,,,,,,,,,,,,,,,,,,,,,,,,,,,,,,,,,,,,,,,,,,,2.062576588236165,-5.843096061243903,-1.6990458794368088
-56.0,,-39,-42.0,-82.0,-80.0,-56.0,-76.0,,-62.0,-62.0,-55.0,,-76.0,-47.0,-89.0,-89.0,,,,-91.0,,,-90.0,-90.0,,-54.0,-76.0,-80.0,,,-79.0,,,,,,,,,,,,,,,,,,,,,,,,,,,,,,,,,,,,,,,,,,,,,,,0.3632002773172785,0.3300874767505904,3.089263760335643
-58.0,,-48,-53.0,-80.0,-79.0,-58.0,-76.0,-71.0,,-60.0,-54.0,-62.0,-76.0,-57.0,-89.0,,-60.0,-60.0,-81.0,,,-60.0,-88.0,-87.0,,-56.0,-70.0,-82.0,,,,,,,-80.0,,,-88.0,,,,,,,,,,,,,,,,,,,,,,,,,,,,,,,,,,,,,,,,-1.6803239872100448,-1.9466838859476008,-0.0341111465920271
-49.0,-65.0,-54,-62.0,-71.0,-94.0,-48.0,-71.0,-66.0,-51.0,-51.0,-52.0,-50.0,-71.0,-67.0,,-86.0,-48.0,-48.0,-61.0,,,-48.0,-71.0,-71.0,-65.0,-48.0,-60.0,-71.0,,,,-78.0,,,-71.0,,,,,,,-78.0,,,,,,,,,,,,,,,,,,,,,,,,,,,,,,,,,,,,3.010193697082932,5.463386549038717,0.086697320414861
-77.0,-70.0,-65,-57.0,,,-77.0,-92.0,-77.0,-74.0,-76.0,-65.0,-73.0,-91.0,-59.0,-96.0,,-66.0,-66.0,-72.0,,-71.0,-66.0,-84.0,-84.0,-70.0,-68.0,,,,-79.0,-82.0,-88.0,,,,,,,,,,,,,,,,,,,,,,,,,,,,,,,,,,,,,,,,,,,,,,0.6244334085050882,3.8088347391908215,-0.2017518905982287
-72.0,-74.0,-63,-49.0,-79.0,-96.0,-73.0,-91.0,,-61.0,-61.0,-60.0,-61.0,-92.0,-59.0,,,-67.0,-68.0,-77.0,,-77.0,-67.0,-85.0,-85.0,-77.0,-64.0,-85.0,,,,,,,,-79.0,,,,,,,,,,,,,,,,,,,,,,,,,,,,,,,,,,,,,,,,,,,0.217948355391072,3.488195215986767,4.701415809099967
-61.0,,-42,-43.0,,-88.0,-61.0,-80.0,-71.0,-60.0,-60.0,-61.0,-60.0,-80.0,-48.0,,,-64.0,-64.0,,-94.0,,-64.0,-88.0,-88.0,,,-71.0,-73.0,,,-80.0,,,,,,,,,,,,,,,,,,,,,,,,,,,,,,,,,,,,,,,,,,,,,,,-0.6067121782330833,0.4917422581553461,1.019435290876849
-60.0,,-42,-40.0,-78.0,-80.0,-60.0,-74.0,,,,-51.0,-60.0,-74.0,-63.0,-83.0,-82.0,-62.0,-63.0,,,,-62.0,,,,-51.0,,,,,-91.0,,,,,,,,,,,,,,,,,,,,,,,,,,,,,,,,,,,,,,,,,,,,,,,-0.6764361772158034,-2.3250175114596083,0.944642635084739
-73.0,-71.0,-59,-60.0,,,-74.0,-86.0,-77.0,,,-70.0,,-85.0,-48.0,,,-74.0,-74.0,-74.0,,-74.0,-74.0,-84.0,-85.0,-73.0,-68.0,-80.0,,,,,,,,,,,,,,,,,,,,,,,,,,,,,,,,,,,,,,,,,,,,,,,,,,,-2.676702750401293,4.319785269683791,2.8414444618933525
-72.0,-67.0,-61,-62.0,,,-72.0,-88.0,,,,-64.0,,-88.0,-52.0,,,-68.0,-68.0,,,,-68.0,-74.0,-74.0,,-67.0,,,,,,-84.0,,,,,,,,,-88.0,,,,,,,,,,,,,,,,,,,,,,,,,,,,,,,,,,,,,0.0842906792988657,5.795383269661001,3.2667743411327024
-44.0,,-58,-61.0,,-77.0,-44.0,-67.0,-64.0,-66.0,-67.0,-47.0,-66.0,-67.0,-65.0,,,-63.0,-63.0,,,-86.0,-63.0,,-91.0,,-47.0,-64.0,,,,-73.0,,,,-91.0,,,,,,,,,,,,,,,,,,,,,,,,,,,,,,,,,,,,,,,,,,,0.5575726122812991,-5.40025517215614,-1.8232116319224247
-53.0,-74.0,-53,-60.0,-65.0,-94.0,-53.0,-70.0,,-38.0,-39.0,-38.0,-39.0,-70.0,-66.0,-77.0,-77.0,-44.0,-43.0,,,-69.0,-44.0,-68.0,-68.0,-72.0,-40.0,,-65.0,,,-64.0,,,,-65.0,,,,,,,,,,,,,,,,,,,,,,,,,,,,,,,,,,,,,,,,,,,3.515069314457977,0.8887169827446488,0.0315415690446226
-59.0,,-49,-60.0,-87.0,-74.0,-59.0,-76.0,-63.0,,-66.0,-53.0,-66.0,-76.0,,,,-75.0,-75.0,,,,-75.0,,,,-53.0,-61.0,,,,-77.0,,,,,,,,-91.0,,,,,,,,,,,,,,,,,,,,,,,,,,,,,,,,,,,,,,,-2.06992529635996,-5.4065945591271865,1.3931831261164271
-58.0,,-53,-56.0,-74.0,-77.0,-58.0,-75.0,-66.0,,-70.0,-49.0,-69.0,-75.0,-63.0,,,-70.0,-70.0,,,,-70.0,,,,-49.0,-71.0,-74.0,,,-78.0,,,,-74.0,,,,,,,,,,,,,,,,,,,,,,,,,,,,,,,,,,,,,,,,,,,0.724894096119361,-4.844348199368684,0.8015442892182505
-77.0,,-61,-57.0,,,-77.0,-88.0,,-73.0,,-65.0,-73.0,-89.0,-57.0,,,-66.0,-66.0,-72.0,,-72.0,-66.0,-82.0,-82.0,-70.0,-68.0,,,,-81.0,-84.0,-87.0,,,,,,,,,,,,,,,,,,,,,,,,,,,,,,,,,,,,,,,,,,,,,,0.6244334085050882,3.8088347391908215,-0.2017518905982287
-44.0,-74.0,-55,-48.0,-67.0,-91.0,-44.0,-64.0,-64.0,-50.0,-50.0,-45.0,-51.0,-64.0,-55.0,-86.0,,-45.0,-45.0,,,-62.0,-45.0,-72.0,-72.0,-70.0,-49.0,-67.0,-67.0,,,-73.0,,,,-67.0,,-96.0,,,,-87.0,,,,,,,,,,,,,,,,,,,,,,,,,,,,,,,,,,,,,2.5114444743515194,1.9646351415708128,3.178087048439787
-56.0,-79.0,-39,-49.0,-71.0,-82.0,-56.0,-80.0,-69.0,-63.0,,-60.0,-61.0,-81.0,-43.0,-85.0,-85.0,-66.0,-66.0,-72.0,-85.0,-72.0,-66.0,-92.0,-92.0,-82.0,,-66.0,-71.0,,-77.0,-86.0,,,,-71.0,,,,,,,,,,,,,,,,,,,,,,,,,,,,,,,,,,,,,,,,,,,-1.4212920522824184,0.9306734564801178,1.9045103378240729
-53.0,,-34,-46.0,,-83.0,-53.0,-77.0,-71.0,-57.0,-57.0,-48.0,-56.0,-77.0,-54.0,,-81.0,-50.0,-49.0,,,-71.0,-50.0,,-91.0,-84.0,,-70.0,-86.0,,,,,,,-86.0,,,,,,,,,,,,,,,,,,,,,,,,,,,,,,,,,,,,,,,,,,,0.6215012275605756,0.2585818130590939,4.375424325845541
-54.0,,-56,-64.0,,-74.0,-54.0,-77.0,-66.0,-77.0,-77.0,,,-76.0,,,,,,-85.0,,-85.0,,,,,,-69.0,,,-63.0,-79.0,,,,-81.0,,,,,,,,,,,,,,,,,,,,,,,,,,,,,,,,,,,,,,,,,,,-1.515313414347322,-4.77567778266192,1.5020475187243707
-52.0,,-39,-39.0,-82.0,-80.0,-52.0,-77.0,-68.0,-57.0,,-57.0,-57.0,-77.0,,,,,,,,,,-87.0,-88.0,,-55.0,,-79.0,,,,-89.0,,,,,,,,,,,,,-94.0,,,,,,,,,,,,,,,,,,,,,,,,,,,,,,,,,-1.1101589669398968,1.328027205527693,4.443521153205849
-76.0,-65.0,-60,-67.0,,,-76.0,-92.0,,,,-70.0,,-92.0,,-89.0,-89.0,-76.0,-76.0,,-85.0,-78.0,-76.0,-85.0,-85.0,,-65.0,,,,,,,,,,,,,,,,,,,,,,,,,,,,,,,,,,,,,,,,,,,,,,,,,,,,-2.026292334458684,4.918326470840337,1.719884655237775
-61.0,-75.0,-42,-42.0,,,-61.0,-80.0,-71.0,-61.0,-61.0,-58.0,-60.0,-80.0,-46.0,,-94.0,-64.0,-64.0,,-94.0,,-64.0,-89.0,-89.0,,-57.0,-71.0,-70.0,,,,,,,-72.0,,,,,,,,,,,,,,,,,,,,,,,,,,,,,,,,,,,,,,,,,,,-0.6067121782330833,0.4917422581553461,1.019435290876849
-61.0,-80.0,-43,-57.0,,-77.0,-61.0,-80.0,-71.0,-56.0,-57.0,-59.0,-57.0,-80.0,-55.0,,,-71.0,-71.0,,,,-71.0,,,,-52.0,-73.0,,,,-77.0,,,,,,,,,,,,,,,,,,,,,,,,,,,,,,,,,,,,,,,,,,,,,,,-2.2751274386426816,-2.085581672625169,1.94815475735341
-61.0,-62.0,-60,-74.0,-77.0,,-61.0,-81.0,,-55.0,-61.0,-50.0,-58.0,-81.0,-74.0,-90.0,,-61.0,-61.0,-55.0,,-56.0,-62.0,-61.0,-61.0,,-48.0,-70.0,-77.0,,,,-81.0,,-89.0,-77.0,,,,,,,,,,,,,,,,,,,,,,,-89.0,,,,,,,,,,,,,,,,,,,,3.504899506323452,8.980546422449562,6.28592141929049
-44.0,,-58,-53.0,-67.0,-95.0,-44.0,-70.0,-59.0,-42.0,-42.0,-37.0,-41.0,-70.0,-60.0,-81.0,,,,,,,,-73.0,-73.0,,-40.0,-61.0,-67.0,,,-65.0,,,,-67.0,,,,,,,,,,,,,,,,,,,-90.0,,,,,,,,,,,,,,,,,,,,,,,,3.57952216805532,-0.2417441992268699,0.0015069546966858
-59.0,,-43,-43.0,,-89.0,-58.0,-76.0,-73.0,-62.0,-62.0,,-62.0,-76.0,-52.0,,,-66.0,-65.0,-75.0,,-75.0,-65.0,,,,,,,,-73.0,,,,,,,,,,,,,,,,,,,,,,,,,,,,,,,,,,,,,,,,,,,,,,,,-0.0078039342510254,-1.2787032963471174,2.72311112074019
-62.0,,-37,-51.0,,-94.0,-62.0,-82.0,,,,-62.0,,-82.0,-46.0,,,-63.0,-63.0,,,,-64.0,-90.0,-90.0,,-56.0,,,,,,,,,-72.0,,,,,,,,,,,,,,,,,,,,,,,,,,,,,,,-82.0,,,,,,,,,,,,-1.832497524859357,0.7779249170413816,1.91732318362354
-50.0,,-52,-61.0,-64.0,-96.0,-50.0,-69.0,-65.0,-46.0,-46.0,-51.0,-47.0,-69.0,-63.0,,,-51.0,-51.0,-54.0,,-54.0,-51.0,-71.0,-71.0,,-52.0,-62.0,-63.0,,,-74.0,-85.0,-83.0,,-67.0,,,-79.0,,,,,,,,,,,,,,,,,,,,,,,,,,,,,,,,,,,,,,,,2.393447135683665,4.121000644269397,3.120784138803654
-55.0,,-46,-40.0,,-89.0,-55.0,-76.0,-69.0,,,-55.0,-63.0,-76.0,-44.0,-92.0,,-63.0,-62.0,,,,-62.0,-86.0,-83.0,,-55.0,-69.0,,,,-82.0,,,,,,,,,,,,,,-95.0,-96.0,,,,,,,,,,,,,,,,-96.0,,,,,,,,,,,,,,,,-2.1510857780192025,1.3069363392585671,4.889620926330386
-58.0,-79.0,-45,-41.0,-80.0,-85.0,-58.0,-76.0,,-58.0,-59.0,-49.0,-58.0,-76.0,-47.0,,,,,-76.0,,,,-86.0,-87.0,-82.0,-54.0,,,,-69.0,-87.0,-92.0,,,-80.0,,,,,,,,,,,,,,,,,,,,,,,,,,,,,,,,,,,,,,,,,,,-0.0052446694106381,0.5007780769237374,3.1739586248521965
-44.0,-72.0,-57,-52.0,-66.0,-85.0,-44.0,-65.0,-59.0,-49.0,-46.0,-40.0,-45.0,-65.0,-62.0,,-81.0,-42.0,-42.0,,-82.0,,-43.0,-73.0,-73.0,-74.0,-36.0,-57.0,-66.0,-95.0,,-77.0,-91.0,,,-66.0,,,,,,,,,,,,,,,,,,,,,,,,,,,,,,,,,,,,,,,,,,,2.792570989793139,-1.487590265429309,6.219950513264935
-55.0,,-41,-43.0,-79.0,-84.0,-55.0,-79.0,-72.0,-63.0,-63.0,-57.0,-62.0,-80.0,-56.0,,,-66.0,-66.0,,,-80.0,-66.0,,,,-51.0,-70.0,,,,-91.0,,,,,,,,,,,,,,,,,,,,,,,,,,,,,,,,,,,,,,,,,,,,,,,-1.10607324120438,-2.035109848072137,0.9654392369093387
-66.0,,-32,-43.0,-80.0,-93.0,-66.0,-78.0,-66.0,-65.0,,-61.0,,-79.0,-38.0,-87.0,-87.0,-62.0,-62.0,,,,-62.0,-94.0,-94.0,,-60.0,,-80.0,,,-89.0,,,,,,,,,,,,,,,,,,,,,,,,,,,,,,,,,,,,,,,,,,,,,,,-2.402515464669073,0.7651838627404793,1.474290974007078
-51.0,,-41,-44.0,,-83.0,-51.0,-70.0,,,,-50.0,,-70.0,-47.0,,,-58.0,-58.0,,,,-59.0,-94.0,-94.0,,-52.0,,,,,,,,,-76.0,,,,,,,,,,,,,,,,,,,,,,,,,,,,,,,,,,,,,,,,,,,0.8276965067073397,-0.1156602091905457,3.615676835329488
-60.0,-61.0,-64,-77.0,-72.0,,-60.0,-81.0,,-52.0,-51.0,-50.0,-52.0,-81.0,,,,,,-57.0,,-54.0,,-61.0,-61.0,,-47.0,,,,,,-85.0,,-90.0,-72.0,,,,,,,-79.0,,,,,,,,,,,,-79.0,,,,-91.0,,,,,,,,,,,,,,,,,,,,3.5619075918904617,8.093308379685054,-0.0151065931306649
-57.0,,-61,-59.0,-85.0,-77.0,-58.0,-78.0,-66.0,,-57.0,-50.0,-59.0,-79.0,-53.0,,,-66.0,-65.0,,,,-65.0,,,,,-66.0,,,,-70.0,,,,-84.0,,,,,,,,,,,,,,,,,,,,,,,,,,,,,,,,,,,,,,,,,,,-0.6629147417466047,-4.67217728203323,0.9444792985848486
-46.0,-86.0,-50,-51.0,-64.0,-82.0,-46.0,-66.0,-63.0,-47.0,-48.0,-33.0,-48.0,-66.0,-50.0,-86.0,,-56.0,-56.0,,-85.0,,-56.0,-83.0,-83.0,,-37.0,-61.0,,-91.0,,-68.0,,,,,-92.0,,,,,,,,,,,,,,,,,,,,,,,,,,,,,,,,,,,,,,,,,,2.2594260961820627,-0.9493071646113332,1.506838449811097
-53.0,,-54,-60.0,-62.0,-97.0,-53.0,-69.0,-60.0,-54.0,-53.0,-42.0,-54.0,-69.0,-62.0,,,-49.0,-50.0,,,,-50.0,-69.0,-69.0,,-39.0,-57.0,,,,-63.0,,,,,,,,,,,,,,,,,,,,,,,,,,,,,,,,,,,,,,,,,,,,,,,3.460306423036549,1.5605726808049318,0.035373069988855
-78.0,-66.0,-61,-66.0,,,-78.0,-89.0,,-72.0,,-64.0,,-88.0,-51.0,,,-75.0,-75.0,,,,-74.0,-86.0,-86.0,,-67.0,,-80.0,,,,,,,-80.0,,,,,,,,,,,,,,,,,,,,,,,,,,,,,,,,,,,,,,,,,,,-2.554814297962825,4.832782875685478,1.7320681480324631
-60.0,,-41,-39.0,-78.0,-81.0,-60.0,-74.0,-68.0,-60.0,-61.0,-51.0,-61.0,-74.0,-62.0,,-82.0,-62.0,-62.0,,-82.0,,-62.0,,,,-52.0,-66.0,,,-70.0,-92.0,,,,,,,,,,,,,,,,,,,,,,,,,,,,,,,,,,,,,,,,,,,,,,,-0.6764361772158034,-2.3250175114596083,0.944642635084739
-61.0,,-40,-42.0,-70.0,-88.0,-61.0,-80.0,-72.0,,-61.0,-59.0,-61.0,-79.0,-48.0,,,-64.0,-63.0,,,,-63.0,-89.0,-89.0,,-57.0,-72.0,-73.0,,,,,,,,,,,,,,,,,,,,,,,,,,,,,,,,,,,,,,,,,,,,,,,,,,-0.6067121782330833,0.4917422581553461,1.019435290876849
-75.0,,-63,-58.0,,,-75.0,-91.0,,,,-63.0,,-91.0,-54.0,,,-70.0,-70.0,-75.0,,-74.0,-70.0,-81.0,-81.0,-64.0,-65.0,,,,-81.0,,-77.0,,,,,,,,,,-78.0,,,,,,,,,,,-92.0,,,,-94.0,,,,,,,,,,,,,,,,,,,,,-0.5515689818397091,5.147864525890981,2.334752572371376
-47.0,,-51,-51.0,,,-46.0,-67.0,-59.0,-48.0,-48.0,-33.0,-47.0,-66.0,-50.0,,,-57.0,-57.0,,-86.0,-65.0,-57.0,-84.0,-82.0,,-37.0,-62.0,-66.0,-93.0,-86.0,-69.0,,,,,-92.0,,,,,,,,,,,,,,,,,,,,,,,,,,,,,,,,,,,,,,,,,,2.2594260961820627,-0.9493071646113332,1.506838449811097
-71.0,-75.0,-66,-65.0,-78.0,,-71.0,-84.0,-71.0,-63.0,-63.0,-50.0,-63.0,-84.0,-61.0,,,-62.0,-62.0,-51.0,-89.0,-51.0,-62.0,-71.0,-70.0,,-54.0,-66.0,-78.0,,,,,,,,,,,,,,,,,,,,,,,,,,,,,,,,,,,,,,,,,,,,,,,,,,1.633959810401504,5.478344312202952,1.6401636415270844
-61.0,-76.0,-39,-49.0,,,-61.0,-80.0,-67.0,-56.0,-56.0,-49.0,-56.0,-80.0,-43.0,-83.0,-83.0,-69.0,-69.0,,,,-69.0,-89.0,-91.0,-80.0,-49.0,-67.0,-73.0,,,-80.0,,,,,,,,,,,,,,,,,,,,,,,,,,,,,,,,,,,,,,,,,,,,,,,-1.1049556026431788,0.7969694969372781,1.036005044997578
-56.0,,-40,-49.0,-70.0,-82.0,-56.0,-81.0,,-64.0,-64.0,-61.0,-64.0,-81.0,-42.0,,,-65.0,-66.0,-72.0,-85.0,,-65.0,,-91.0,,-54.0,-67.0,,,,,,,,-71.0,,,,,,,,,,,,,,,,,,,,,,,,,,,,,,,,,,,,,,,,,,,-1.4212920522824184,0.9306734564801178,1.9045103378240729
-42.0,,-44,-57.0,,-90.0,-42.0,-69.0,-56.0,-64.0,-66.0,-32.0,,-70.0,-65.0,-84.0,,-39.0,-39.0,-63.0,,-63.0,-39.0,-72.0,-71.0,,-34.0,-59.0,,,-76.0,-69.0,,,-93.0,,,,,,,,,,,,,,,,,,,,,,,,-94.0,,,,,,,,,,,,,,,,,,,,3.604957064126718,-0.7273359472117241,-0.0020867485867089
-40.0,-80.0,-56,-60.0,-63.0,-94.0,-40.0,-61.0,-55.0,-52.0,-49.0,-32.0,-48.0,-61.0,-54.0,-76.0,-77.0,-51.0,-50.0,-62.0,,,-50.0,-82.0,-83.0,,-35.0,-51.0,-61.0,-92.0,,-66.0,-88.0,-77.0,,-63.0,-92.0,,,,,-89.0,,,,,,,,,,,,,,,,,,,,,,,,,,,,,,,,,,,,,3.77630916418263,-1.953300260723319,2.918629480477916
-56.0,,-42,-55.0,-82.0,-83.0,-56.0,-75.0,-65.0,-60.0,,-47.0,-60.0,-75.0,-62.0,,,-61.0,-61.0,,-91.0,,-61.0,,,,-48.0,-63.0,,,,-75.0,,,,,,,,,,,,,,,,,,,,,,,,,,,,,,,,,,,,,,,,,,,,,,,-0.0929622141607901,-4.962779872443984,1.680613505807586
-63.0,,-43,-57.0,,-87.0,-63.0,-79.0,-68.0,-63.0,-63.0,-49.0,-63.0,-79.0,-62.0,-81.0,,-71.0,-71.0,,-85.0,-71.0,-71.0,,,,-54.0,-68.0,,,,-81.0,,,,-70.0,,,,,,,,,,,,,,,,,,,,,,,,,,,,,,,,,,,,,,,,,,,-2.742570045628169,-2.08936749082334,1.503027644730336
-62.0,,-41,-48.0,-73.0,-84.0,-61.0,-80.0,-69.0,-56.0,-56.0,-48.0,-56.0,-80.0,-43.0,-82.0,-82.0,-70.0,-70.0,,-82.0,,-70.0,-88.0,-89.0,,-49.0,-67.0,,,,,,,,,,,,,,,,,,,,,,,,,,,,,,,,,,,,,,,,,,,,,,,,,,,-1.1049556026431788,0.7969694969372781,1.036005044997578
-57.0,,-54,-61.0,,-82.0,-57.0,-75.0,,-66.0,,-46.0,-68.0,-75.0,-63.0,,,-68.0,-68.0,,,,-69.0,,,,-48.0,,-75.0,,,,,,,-75.0,,,,,,,,,,,,,,,,,,,,,,,,,,,,,,,,,,,,,,,,,,,0.724894096119361,-4.844348199368684,0.8015442892182505
-61.0,,-59,-74.0,,,-61.0,-84.0,,,,-50.0,,-84.0,-75.0,-91.0,-92.0,-62.0,-62.0,-54.0,-92.0,-55.0,-61.0,-61.0,-61.0,,-48.0,,,,,,,,-88.0,,,,,,,-88.0,,,,,,,,,,,,,-83.0,,,,-89.0,,,,,,,,,,,,,,,,,,,,3.504899506323452,8.980546422449562,6.28592141929049
-60.0,,-33,-60.0,,-87.0,-60.0,-80.0,-66.0,-65.0,-65.0,-56.0,-65.0,-81.0,-59.0,,,-67.0,-67.0,,,,-68.0,,-89.0,,-55.0,-66.0,-71.0,,-69.0,,,,,,,,,,,,,,,,,,,,,,,,,,,,,,,,,,,,,,,,,,,,,,,,-1.928764723461576,-1.957509844403697,-16.917910894222683
-54.0,-78.0,-47,-39.0,-74.0,-89.0,-54.0,-76.0,-70.0,-62.0,-62.0,-55.0,-62.0,-76.0,,,,-62.0,-63.0,,-92.0,,-63.0,-85.0,-83.0,,-55.0,,,,,,,,,-75.0,,,,,,,,,,,,,,,,,-90.0,,,,,,,,,,,,,,,,,,,,,,,,,,-2.1510857780192025,1.3069363392585671,4.889620926330386
-80.0,,-63,-62.0,,-94.0,-81.0,-91.0,,-69.0,-69.0,-65.0,-68.0,-91.0,-53.0,,,-77.0,-77.0,-73.0,,-74.0,-77.0,-81.0,-81.0,,-67.0,,-87.0,,,,,,,,,,,,,,,,,,,,,,,,,,,,,-96.0,,,,,,,,,,,,,,,,,,,,,-2.328564734227297,5.75148845329782,0.633602994984014
-60.0,-87.0,-33,-57.0,-74.0,-86.0,-60.0,-80.0,-66.0,-65.0,-65.0,-56.0,-64.0,-79.0,-59.0,-89.0,,-68.0,-68.0,,-89.0,,-68.0,-92.0,-92.0,,-54.0,-67.0,-64.0,,-69.0,,,,,-74.0,,,,,,,,,,,,,,,,,,,,,,,,,,,,,,,,,,,,,,,,,,,-1.928764723461576,-1.957509844403697,-16.917910894222683
-69.0,-72.0,-62,-63.0,-85.0,-96.0,-69.0,-86.0,,-69.0,-69.0,-68.0,-69.0,-86.0,-51.0,,,,,-76.0,,-76.0,,-79.0,-79.0,-68.0,-68.0,,-85.0,,-85.0,,,,,-84.0,,,,,,,,,,,,,,,,,,,,,,,,,,,,,,,,,,,,,,,,,,,-1.857795734121251,5.132468261975264,-0.8209534370897397
-60.0,-55.0,-69,-70.0,,,-60.0,-80.0,-72.0,-56.0,-56.0,-52.0,-57.0,-80.0,-70.0,,,-57.0,-56.0,-55.0,,-55.0,-57.0,-67.0,-67.0,-59.0,-53.0,-74.0,,,,-84.0,-82.0,,-85.0,,,,,,,-80.0,-81.0,,,,,,,,,,,,,,,,-86.0,,,,,,,,,,,,,,,,,,,,2.8590271847521422,8.866032148361965,1.5759151580153057
,,-39,,,,,,,,,,,,,,,,,,,,,,,,,,,,,,,,,,,,,,,,,,,,,,,,,,,,,,,,,,,,,,,,,,,,,,,,,,,,-0.495625333623642,1.189447355689398,4.449460147351544
-43.0,,-51,-58.0,-67.0,,-42.0,-65.0,-57.0,-45.0,-45.0,-36.0,-45.0,-65.0,-54.0,-79.0,,-50.0,-50.0,,,,-50.0,-85.0,-85.0,,-32.0,-59.0,-67.0,,,,,-78.0,,-67.0,,,,,,,,,,,,,,,,,,,,,,,,,,,,,,,,,,,,,,,,,,,3.729057384954794,-4.868862614721601,2.9122279830587705
-55.0,,-56,-65.0,-80.0,-75.0,-55.0,-76.0,-65.0,-77.0,-77.0,-47.0,,-76.0,-51.0,-92.0,,-69.0,-69.0,,,-86.0,-69.0,,,,-51.0,-69.0,,,-63.0,-77.0,,,,,,,,,,,,,,,,,,,,,,,,,,,,,,,,-88.0,,,,,,,,,,,,,,,-1.515313414347322,-4.77567778266192,1.5020475187243707
-53.0,,-36,-44.0,,-81.0,-53.0,-76.0,,-64.0,-66.0,-51.0,-65.0,-77.0,-53.0,,-77.0,-58.0,,,,,-57.0,,-86.0,,-51.0,,,,,-77.0,,,,,,,,,,,,,,,,,,,,,,,,,,,,,,,,,,,,,,,,,,,,,,,-0.5200425843220166,-0.6847024760308866,-0.3790476017326744
-59.0,,-42,-42.0,,-89.0,-59.0,-76.0,-73.0,-61.0,,-53.0,-62.0,-76.0,-53.0,,,-65.0,-65.0,-73.0,,-72.0,-65.0,,,-87.0,-56.0,-73.0,,,,,,,,,,,,,,,,,,,,,,,,,,,,,,,,,,,,,,,,,,,,,,,,,,,-0.0078039342510254,-1.2787032963471174,2.72311112074019
-53.0,,-35,-45.0,-86.0,-83.0,-53.0,-76.0,,-57.0,-56.0,-43.0,,-77.0,-55.0,-79.0,,-50.0,-49.0,,-79.0,,-49.0,,-91.0,,-47.0,,-85.0,,,-78.0,,,,-83.0,,,,,,,,,,,,,,,,,,,,,,,,,,,,,,,,,,,,,,,,,,,0.6215012275605756,0.2585818130590939,4.375424325845541
-50.0,,-55,-61.0,,-96.0,-50.0,-69.0,,,,-51.0,,-69.0,-63.0,,,-50.0,-50.0,,,,-50.0,-71.0,-71.0,,-52.0,,-64.0,,,-74.0,,,,-63.0,,,,,,-82.0,,,,,,,,,,,,,,,,,,,,,,,,,,,,,,,,,,,,,2.393447135683665,4.121000644269397,3.120784138803654
-79.0,,-61,-70.0,-86.0,,-79.0,-94.0,,,,-71.0,,-94.0,-52.0,,,,,,,,,-89.0,-89.0,,-68.0,-75.0,-86.0,,,,-89.0,,,-86.0,,,,,,,,,,,,,,,,,,,,,,,,,,,,,,,,,,,,,,,,,,,-2.941865257375568,6.708168540699193,1.227390927656672
-58.0,-80.0,-48,-41.0,-80.0,,-58.0,-76.0,-70.0,-58.0,,-49.0,-59.0,-76.0,-45.0,,,,,-82.0,,-81.0,,-87.0,-87.0,-81.0,-53.0,,,,-68.0,-87.0,,,,-80.0,,,,,,,,,,,,,,,,,,,,,,,,,,,,,,,,,,,,,,,,,,,-0.0052446694106381,0.5007780769237374,3.1739586248521965
-55.0,,-47,-39.0,-75.0,-89.0,-55.0,-76.0,,-63.0,,-55.0,-63.0,-77.0,-43.0,,,-62.0,-62.0,,,-77.0,-62.0,-85.0,-84.0,,-55.0,,-74.0,,,-82.0,,,,-75.0,,,,,,,,,,,-96.0,,,,,,,,,,,,,,,,,,,,,,,,,,,,,,,,-2.1510857780192025,1.3069363392585671,4.889620926330386
-80.0,-74.0,-66,-60.0,-82.0,,-79.0,-92.0,-76.0,-72.0,-71.0,-64.0,,-90.0,-59.0,-96.0,-97.0,-68.0,-68.0,-72.0,,-73.0,-68.0,-82.0,-81.0,,-66.0,,-80.0,,-82.0,-82.0,,,,-86.0,,,,,,,,,,,,,,,,,,,,,,,,,,,,,,,,,,,,,,,,,,,0.6244334085050882,3.8088347391908215,-0.2017518905982287
-61.0,,-36,-49.0,-71.0,-85.0,-61.0,-80.0,,-58.0,-58.0,-55.0,,-80.0,-51.0,,,,,,,,,-95.0,-94.0,,-52.0,,,,,,,,,-70.0,,,,,,,,,,,,,,,,,,,,,,,,,,,,,,,,,,,,,,,,,,,0.0036875998023211,-2.487598183974665,2.726568551328094
-60.0,-61.0,-62,-78.0,,,-60.0,-82.0,,-52.0,-52.0,-50.0,-52.0,-82.0,-68.0,,,-61.0,-61.0,-53.0,,-53.0,-61.0,-61.0,-60.0,-65.0,-48.0,-66.0,,,,-79.0,-85.0,,-91.0,-72.0,,,,,,-87.0,-79.0,,,,,,,,,,,,,,,,-89.0,,,,,,,,,,,,,,,,,,,,3.5619075918904617,8.093308379685054,-0.0151065931306649
-42.0,,-42,-56.0,,-91.0,-42.0,-70.0,-56.0,,,-32.0,-66.0,-70.0,-68.0,,-84.0,-39.0,-39.0,,-84.0,,-40.0,-73.0,-73.0,,-34.0,,-71.0,,,-76.0,-85.0,,,-70.0,,,,,,,,,,,,,,,,,,,,,,,,,,,,,,,,,,,,,,,,,,,3.604957064126718,-0.7273359472117241,-0.0020867485867089
-66.0,-76.0,-31,-44.0,,-92.0,-66.0,-79.0,-66.0,-65.0,-65.0,-61.0,-66.0,-78.0,-38.0,,,-62.0,-62.0,,,,-62.0,-94.0,-94.0,,-60.0,-62.0,-82.0,,,,,,,-82.0,,,,,,,,,,,,,,,,,,,,,,-96.0,,,,,,,,,,,,,,,,,,,,,-2.402515464669073,0.7651838627404793,1.474290974007078
-60.0,,-73,-64.0,,,-60.0,-77.0,-69.0,-61.0,-61.0,-61.0,-61.0,-77.0,-70.0,,,-55.0,-55.0,-64.0,,-67.0,-55.0,-72.0,-72.0,-71.0,-62.0,,-85.0,,,-85.0,-79.0,,-92.0,-86.0,,,,,,,,,,,,,,,,,,,,,,,-93.0,,,,,,,,,-79.0,-70.0,-79.0,-78.0,-97.0,-97.0,-70.0,-98.0,,,,2.3859703942229924,8.004709078695074,3.388018957752632
-72.0,,-57,-61.0,,-96.0,-72.0,-91.0,-77.0,-66.0,-66.0,-64.0,,-91.0,-52.0,,,-73.0,-73.0,-66.0,,-65.0,-73.0,-82.0,-82.0,,-62.0,-74.0,,,,,,,,,,,,,,-86.0,,,,,,,,,,,,,,,,,,,,,,,,,,,,,,,,,,,,,-0.3565312326157771,5.199594072316345,1.663239851977803
-42.0,-75.0,-52,-51.0,-67.0,-94.0,-42.0,-63.0,-58.0,-50.0,-50.0,-43.0,-50.0,-63.0,,-76.0,-76.0,-45.0,-45.0,-62.0,-74.0,-64.0,-45.0,-74.0,-74.0,-71.0,-44.0,-60.0,-65.0,,,,,,,-65.0,,,,,,,,,,,,,,,,,,,,,,,,,,,,,,,,,,,,,,,,,,,2.629244366903742,0.7903619804668918,3.230398432423741
-61.0,,-43,-56.0,,-77.0,-61.0,-79.0,,,,-55.0,,-80.0,-51.0,,,-71.0,-71.0,,,-77.0,-71.0,,,,-51.0,,,,,,,,,,,,,,,,,,,,,,,,,,,,,,,,,,,,,,,,,,,,,,,,,,,,-2.2751274386426816,-2.085581672625169,1.94815475735341
-42.0,,-43,-45.0,-68.0,-89.0,-42.0,-66.0,-54.0,-50.0,-51.0,-28.0,-50.0,-65.0,-61.0,,,-53.0,-53.0,-67.0,-80.0,-66.0,-53.0,-84.0,-83.0,,-32.0,-46.0,-68.0,-91.0,,-67.0,,-79.0,,-68.0,,,,,,,,,,,,,,,,,,,,,,,,,,,,,,,,,,,,,,,,,,,2.7092435026370465,-0.9396693837095598,1.4952445183018923
-71.0,-62.0,-56,-61.0,,-96.0,-72.0,-94.0,,-62.0,,-74.0,-62.0,-93.0,-52.0,,,-69.0,-69.0,-72.0,,-70.0,-69.0,-84.0,-83.0,-67.0,-67.0,,-80.0,,-87.0,,-79.0,,,,,,,,,,,,,,,,,,,,,,,,,,,,,,,,,,,,,,,,,,,,,,-0.3565312326157771,5.199594072316345,1.663239851977803
-57.0,,-44,-45.0,-74.0,-86.0,-57.0,-78.0,,-62.0,-62.0,-57.0,-62.0,-78.0,-60.0,,,-65.0,-65.0,-81.0,,,-65.0,,-91.0,,-54.0,-64.0,,,,,,,,-74.0,,,,,,,,,,,,,,,,,,,,,,,,,,,,,,,,,,,,,,,,,,,-1.502093845559786,-1.75685580935118,0.963465507693698
-70.0,,-66,-64.0,-77.0,,-70.0,-83.0,,-64.0,-63.0,-50.0,-64.0,-84.0,-60.0,,-88.0,-62.0,-62.0,-50.0,,-49.0,-62.0,-72.0,-70.0,,-54.0,-66.0,,,,,,,,-78.0,,,,,,,,,,,,,,,,,,,,,,,,,,,,,,,,,,,,,,,,,,,1.633959810401504,5.478344312202952,1.6401636415270844
-40.0,,-49,-55.0,-69.0,-87.0,-40.0,-62.0,-54.0,-51.0,-49.0,-37.0,-52.0,-62.0,-64.0,-79.0,-80.0,-46.0,-46.0,,-79.0,,-46.0,-78.0,-78.0,,-36.0,-54.0,,-92.0,,-67.0,,,,,-93.0,,,,,,,,,,,,,,,,,,,,,,,,,,,,,,,,,,,,,,,,,,2.7237615444293883,-5.583446426752104,5.16673232924423
-62.0,,-39,-47.0,,-89.0,-62.0,-80.0,-68.0,-56.0,-56.0,-51.0,-56.0,-80.0,-43.0,,-81.0,-69.0,-69.0,,-82.0,,-69.0,-86.0,-88.0,,-51.0,-66.0,,,,,,,,,,,,,,,,,,,,,,,,,,,,,,,,,,,,,,,,,,,,,,,,,,,-1.1049556026431788,0.7969694969372781,1.036005044997578
-40.0,,-49,-56.0,-66.0,-87.0,-40.0,-62.0,-54.0,-51.0,-51.0,-36.0,-51.0,-62.0,-63.0,-79.0,,-46.0,-46.0,,-79.0,,-46.0,-78.0,-77.0,,-36.0,,-67.0,,,-69.0,,,,-66.0,,,,,,,,,,,,,,,,,,,,,,,,,,,,,,,,,,,,,,,,,,,2.7237615444293883,-5.583446426752104,5.16673232924423
-61.0,,-34,-38.0,,-85.0,-61.0,-76.0,,,,-42.0,,-76.0,-59.0,-81.0,-80.0,-66.0,-66.0,-76.0,,,-65.0,,,,-46.0,,-74.0,,-65.0,,,,,-74.0,,,,,,,,,,,,,,,,,,,,,,,,,,,,,,,,,,,,,,,,,,,-0.3093019610122,-2.55265591325598,1.7697581656897785
-72.0,,-66,-62.0,,,-72.0,-91.0,,,,-63.0,,-91.0,-52.0,,,-68.0,-69.0,,,,-68.0,-73.0,-73.0,,-67.0,,,,,,-83.0,,,,,,,,,-89.0,,,,,,,,,,,,,,,,,,,,,,,,,,,,,,,,,,,,,0.0842906792988657,5.795383269661001,3.2667743411327024
-59.0,-81.0,-36,-43.0,,-76.0,-59.0,-74.0,-69.0,-62.0,-62.0,-54.0,-62.0,-74.0,-51.0,,-86.0,-60.0,-59.0,-71.0,-86.0,-69.0,-60.0,,-89.0,-80.0,,-66.0,,,,-86.0,,,,,,,,,,,,,,,,,,,,,,,,,,,,,,,,,,,,,,,,,,,,,,,0.1105520011017816,-0.916206132737322,3.19080624415464
-77.0,-69.0,-61,-67.0,,,-77.0,-89.0,-82.0,,,-63.0,-72.0,-89.0,-52.0,-94.0,-94.0,-75.0,-75.0,-71.0,,,-75.0,-88.0,-88.0,-67.0,-67.0,,-80.0,,,,,,,,,,,,,-87.0,,,,,,,,,,,,,,,,,,,,,,,,,,,,,,,,,,,,,-2.554814297962825,4.832782875685478,1.7320681480324631
-58.0,,-63,-61.0,,-74.0,-58.0,-74.0,,,,-52.0,,-74.0,,,,-60.0,-60.0,,,,-60.0,,,,-52.0,,-77.0,,,,,,,-77.0,,,,,,,,,,,,,,,,,,,,,,,,,,,,,,,,,,,,,,,,,,,-1.9017425805363728,-5.658567381462693,-1.1582236306300902
-50.0,,-59,-60.0,-82.0,-76.0,-50.0,-73.0,-65.0,,,-40.0,-74.0,-73.0,-59.0,,-96.0,-59.0,-60.0,-79.0,,,-60.0,,,,-45.0,-63.0,,-96.0,-66.0,-77.0,,,,-81.0,,,-85.0,,,,,,,,,,,,,,,,,,,,,,,,,,,,,,,,,,,,,,,,0.970078772208912,-5.367119901636187,4.173331398802378
-61.0,,-30,-33.0,,,-60.0,-76.0,-67.0,-61.0,-63.0,-58.0,-64.0,-76.0,-40.0,-88.0,,-63.0,-62.0,,,,-63.0,-88.0,-88.0,,-55.0,-67.0,,,,,,,,,,,,,,,,,,,,,,,,,,,,,,,,,,,,,,,,,,,,,,,,,,,-2.4083308112528226,1.089719803463306,-0.9444438620338051
-58.0,,-48,-43.0,,-84.0,-58.0,-78.0,,-55.0,,-56.0,,-78.0,-57.0,,,,,-73.0,,-72.0,,-91.0,-90.0,-81.0,-57.0,,,,-69.0,-85.0,,,,,,,,,,,,,,,-96.0,,,,,,,,,,,,,,,,,,,,,,,,,,,,,,,,0.3480763210023669,0.6779514239754725,3.080277251529987
-40.0,,-53,-57.0,-74.0,,-39.0,-64.0,,,,-34.0,,-63.0,,-75.0,,-47.0,-47.0,-75.0,,-74.0,-47.0,-77.0,-79.0,,-32.0,,-76.0,-91.0,-72.0,-70.0,,,,-77.0,-91.0,-91.0,,,,,,,,,,,,,,,,,,,,,,,,,,,,,,,,,,,,,,,,,3.603338116375825,-5.695204282705031,1.4444012059601965
-53.0,,-43,-44.0,,-85.0,-53.0,-77.0,-64.0,,-69.0,-57.0,-69.0,-78.0,-48.0,,-91.0,-59.0,-59.0,,-91.0,,-59.0,-87.0,-87.0,,-52.0,-67.0,-75.0,,,,,,,,,,,,,,,,,,,,,,,,,,,,,,,,,,,,,,,,,,,,,,,,,,-0.3513949293571148,-0.1868805751582583,-0.3670802329909844
-58.0,,-61,-59.0,,-75.0,-59.0,-79.0,-64.0,-59.0,,-49.0,-59.0,-79.0,-58.0,,,-65.0,-65.0,,,,-65.0,,,,-47.0,-64.0,-85.0,,,,,,,,,,,,,,,,,,,,,,,,,,,,,,,,,,,,,,,,,,,,,,,,,,-0.6629147417466047,-4.67217728203323,0.9444792985848486
-61.0,,-32,-33.0,-77.0,-86.0,-61.0,-76.0,-68.0,-64.0,-64.0,-55.0,-64.0,-76.0,-41.0,-86.0,,-63.0,-63.0,-88.0,,,-63.0,-88.0,-85.0,,-55.0,-68.0,-76.0,,,-82.0,,,,-77.0,,,-82.0,,,,,,,,,,,,,,,,,,,,,,,,,,,,,,,,,,,,,,,,-2.4083308112528226,1.089719803463306,-0.9444438620338051
-48.0,,-39,-45.0,,-85.0,-49.0,-72.0,-70.0,-67.0,-68.0,-51.0,-60.0,-72.0,-46.0,,,-59.0,-60.0,,,-77.0,-60.0,,,,-50.0,,-76.0,,,-77.0,,,,,,,-88.0,,,,,,,,,,,,,,,,,,,,,,,,,,,,,,,,,,,,,,,,0.8276965067073397,-0.1156602091905457,3.615676835329488
-63.0,-60.0,-61,-73.0,,,-63.0,-81.0,,-59.0,-59.0,-57.0,-58.0,-80.0,-75.0,,,,,,,,,-67.0,-67.0,-61.0,-55.0,-71.0,,,,,-79.0,,-92.0,,,,,,,-79.0,-76.0,,,,,,,,,,,,,,,,-91.0,,,,,,,,,,,,,,,,,,,,2.397914881205657,8.80596425453137,1.5778622390389332
-42.0,,-49,-59.0,,-88.0,-42.0,-62.0,,,,-34.0,-46.0,-62.0,-55.0,-95.0,-95.0,-47.0,-47.0,,,,-48.0,-78.0,-78.0,,-35.0,-58.0,-73.0,-91.0,,-62.0,,,,,-93.0,-92.0,,,,,,,,,,,,,,,,,,,,,,,,,,,,,,,,,,,,,,,,,3.16774130451286,-3.4455636954347333,5.968293201236715
-47.0,,-48,-58.0,-76.0,,-47.0,-74.0,,,,-43.0,,-73.0,-65.0,,-89.0,-49.0,-49.0,,-88.0,-57.0,-50.0,-64.0,-64.0,,-44.0,,,,,-72.0,,,,,,,,,,,,,,,,,,,,,,,,,,,,,,,,,,,,,,,,,,,,,,,3.2798602485717785,3.492043719613039,0.0641909025025101
-36.0,,-52,-64.0,-62.0,-85.0,-36.0,-63.0,-58.0,-47.0,-48.0,-40.0,-47.0,-63.0,-59.0,-84.0,-85.0,-49.0,-49.0,-67.0,-84.0,-67.0,-49.0,-81.0,-80.0,,-41.0,-59.0,-62.0,-86.0,-80.0,-63.0,,,,-62.0,-86.0,,,,,,,,,,,,,,,,,,,,,,,,,,,,,,,,,,,,,,,,,,3.631219622342773,-2.7493260547186567,2.9414744263925567
-55.0,,-57,-64.0,,-75.0,-55.0,-76.0,-65.0,-77.0,-78.0,-53.0,-77.0,-76.0,-49.0,,,-69.0,-69.0,,,-86.0,-69.0,,,,-49.0,-68.0,-80.0,,-63.0,-78.0,,,,-80.0,,,,,,,,,,,,,,,,,,,,,,,,,,,,,,,,,,,,,,,,,,,-1.515313414347322,-4.77567778266192,1.5020475187243707
-56.0,,-44,-50.0,,-82.0,-56.0,-77.0,-66.0,-62.0,-62.0,-53.0,-62.0,-77.0,-58.0,-92.0,-93.0,-73.0,-73.0,,-92.0,-79.0,-73.0,-89.0,-89.0,,-54.0,-62.0,-79.0,,,-86.0,,,,,,,,,,,,,,,,,,,,,,,,,,,,,,,,,,,,,,,,,,,,,,,-2.2964316042993502,-2.464791144631836,0.5700083559431515
-51.0,-71.0,-54,-61.0,,-91.0,-51.0,-71.0,,-60.0,-60.0,-51.0,-59.0,-71.0,-59.0,-93.0,,-44.0,-45.0,-56.0,-94.0,-56.0,-45.0,-77.0,-77.0,,-48.0,,,,-78.0,,-84.0,,,,,,,,,,,,,,,,,,,,,,,,,,,,,,,,,,,,,,,,,,,,,,2.42901225917396,3.2742142942868417,3.148899288887179
-75.0,,-67,-66.0,,,-75.0,-91.0,-75.0,,,-69.0,-66.0,-91.0,-54.0,,,-76.0,-76.0,,,,-76.0,-83.0,-82.0,,-68.0,-77.0,-77.0,,,,,,,,,,,,,-89.0,,,,,,,,,,,,-97.0,,,,,,,,,,,,,,,,,,,,,,,,,-1.4266824655010713,5.009009971598826,1.7024268042810131
-51.0,,-53,-59.0,,-76.0,-51.0,-74.0,-62.0,-58.0,,-37.0,-57.0,-74.0,,,-90.0,-62.0,-61.0,,,,-62.0,,,,-39.0,-57.0,,,,,,,,,,,-86.0,,,,,,,,,,,,,,,,,,,,,,,,,,,,,,,,,,,,,,,,1.2665859876109036,-5.309046786210002,0.7913892815847825
-59.0,-70.0,-73,-64.0,,,-59.0,-78.0,-69.0,-61.0,-61.0,-59.0,-61.0,-77.0,-71.0,,,,,-64.0,,-69.0,,-73.0,-73.0,,-60.0,-68.0,-85.0,,,-82.0,,,-93.0,-86.0,,,,,,,,,,,,,,,,,,,,,,,-94.0,,,,,,-87.0,,,,,,,,,,,,,,2.3859703942229924,8.004709078695074,3.388018957752632
-70.0,-73.0,-52,-64.0,,-96.0,-70.0,-89.0,,-70.0,-70.0,-65.0,-71.0,-88.0,-49.0,,,,,-70.0,,-70.0,,-74.0,-74.0,-73.0,-67.0,,,,-86.0,-95.0,-89.0,,,-91.0,,,,,,-87.0,,,,,,,,,,,,,,,,,,,,,,,,,,,,,,,,,,,,,-1.572319345407455,5.318137865917259,-1.5591415360657592
-35.0,-78.0,-54,-58.0,-63.0,-85.0,-35.0,-59.0,-55.0,-58.0,-58.0,-32.0,-59.0,-58.0,-59.0,,,,,,-86.0,,,-81.0,-80.0,,-34.0,-52.0,-63.0,-88.0,,-58.0,,,,-62.0,-88.0,,-72.0,,,,,,,,,,,,,,,,,,,,,,,,,,,,,,,,,,,,,,,,2.8286861752526,-4.780886396627772,-0.313085456974672
-67.0,,-63,-61.0,,-96.0,-67.0,-87.0,,,,-59.0,,-87.0,-41.0,,,,,-62.0,,-62.0,,-70.0,-69.0,,-61.0,,-79.0,,-88.0,-89.0,-86.0,,,-79.0,,,-96.0,,,-88.0,,,,,,,,,,,-94.0,,,,,,,,,,,,,,,,,,,,,,,,,,-0.310511294018986,5.78922849123913,-1.0740636607030625
-36.0,,-47,-61.0,-71.0,-85.0,-35.0,-57.0,-48.0,-43.0,-43.0,-30.0,-43.0,-57.0,-56.0,-76.0,-76.0,-53.0,-54.0,,-76.0,-70.0,-53.0,-83.0,-83.0,,-29.0,-45.0,,-89.0,,-67.0,,,,,,,,,,,,,,,,,,,,,,,,,,,,,,,,,,,,,,,,,,,,,,,3.6815375778064814,-3.727658979529669,3.47994126867216
-48.0,,-55,-64.0,,-96.0,-48.0,-70.0,,-50.0,-50.0,-52.0,-49.0,-71.0,-67.0,,-86.0,-47.0,-47.0,,,,-47.0,-69.0,-69.0,,-50.0,,,,,-75.0,-78.0,,-96.0,,,,,,,-92.0,-79.0,,,,,,,,,,,,,,,,,,,,,,,,,,,,,,,,,,,,3.010193697082932,5.463386549038717,0.086697320414861
-61.0,-52.0,-66,-71.0,-72.0,,-61.0,-78.0,,-56.0,-56.0,-54.0,-56.0,-79.0,,,,-56.0,-56.0,-57.0,,-57.0,-56.0,-67.0,-67.0,-57.0,-53.0,-69.0,-72.0,,,-84.0,-80.0,,-85.0,-71.0,,,,,,-80.0,-82.0,,,,,,,,,,,,,,,,-85.0,,-97.0,-97.0,,,,,,,,,,,,,,-97.0,,,2.8590271847521422,8.866032148361965,1.5759151580153057
-70.0,,-52,-65.0,-91.0,-96.0,-70.0,-87.0,-76.0,-70.0,-70.0,-65.0,-75.0,-87.0,-49.0,-94.0,,,,-71.0,,-72.0,,-75.0,-75.0,,-68.0,,,,,,-89.0,,,,,,,-94.0,,,,,,,,,,,,,,,,,,,,,,,,,,,,,,,,,,,,,,,-1.572319345407455,5.318137865917259,-1.5591415360657592
-42.0,,-43,-57.0,-73.0,-90.0,-42.0,-70.0,-56.0,-62.0,-61.0,-32.0,,-69.0,-69.0,-81.0,-84.0,-40.0,-40.0,-63.0,-83.0,-63.0,-40.0,-73.0,-73.0,,-34.0,-59.0,-72.0,-96.0,-74.0,-72.0,,,,-70.0,,-93.0,-75.0,,,,,,,,,,,,,,,,-89.0,,,,,,,,,,,,,,,,,,,,,,,,3.604957064126718,-0.7273359472117241,-0.0020867485867089
-61.0,,-37,-47.0,-74.0,-79.0,-60.0,-78.0,-67.0,-62.0,,-49.0,,-78.0,-52.0,,-83.0,,,,,,,-97.0,,,-51.0,-62.0,,,-79.0,-86.0,,,,-74.0,,,-91.0,,,,,,,,,,,,,,,,,,,,,,,,,,,,,,,,,,,,,,,,0.1407427911862067,-2.113544615118664,2.732164194840457
-40.0,,-53,-57.0,-77.0,-81.0,-40.0,-64.0,-58.0,-55.0,-55.0,-33.0,-56.0,-64.0,-60.0,-77.0,-78.0,-48.0,-47.0,,-77.0,-73.0,-48.0,-81.0,-81.0,,-32.0,-58.0,-77.0,-92.0,,-71.0,,,,-77.0,,,,,,,,,,,,,,,,,,,,,,,,,,,,,,,,,,,,,,,,,,,3.603338116375825,-5.695204282705031,1.4444012059601965
-59.0,-64.0,-58,-71.0,,,-60.0,-79.0,,-50.0,-50.0,-54.0,-51.0,-79.0,-71.0,-90.0,,,,-59.0,-91.0,-58.0,,-65.0,-64.0,,-47.0,,-81.0,,,-81.0,-79.0,,-85.0,-81.0,,,,,,,,,,,,,,,,,,,,,,,-85.0,,,,,,,,,,,,,,,,,,,,3.261112015777431,7.118670332467429,-0.573030897869377
-44.0,,-56,-61.0,,-76.0,-44.0,-68.0,-64.0,,,-46.0,-67.0,-67.0,,,-88.0,-63.0,-64.0,,-89.0,,-63.0,-92.0,-92.0,,-47.0,-64.0,-89.0,,-68.0,-72.0,,,,,,,,,,,,,,,,,,,,,,,,,,,,,,,,,,,,,,,,,,,,,,,0.5575726122812991,-5.40025517215614,-1.8232116319224247
-47.0,-68.0,-54,-57.0,-68.0,-97.0,-47.0,-73.0,,-40.0,,-42.0,-38.0,-73.0,-60.0,-83.0,,-51.0,-51.0,,,,-52.0,-79.0,-79.0,,-44.0,-60.0,-68.0,,,-79.0,,,,-68.0,,,,,,,,,,,,,,,,,,,-90.0,,,,,,,,,,,,,,,,,,,,,,,,3.365452102999732,2.64283697307094,0.0500423125893914
-56.0,,-36,-42.0,,-81.0,-56.0,-76.0,,,-62.0,-55.0,-60.0,-76.0,-46.0,,,-60.0,-60.0,,,-74.0,-60.0,,-89.0,,-54.0,,,,,,,,,,,,,,,,,,,,,,,,,,,,,,,,,,,,,,,,,,,,,,,,,,,,0.3632002773172785,0.3300874767505904,3.089263760335643
-48.0,,-48,-59.0,-76.0,,-48.0,-71.0,-62.0,-50.0,-50.0,-43.0,-50.0,-71.0,-65.0,-88.0,,-50.0,-50.0,-64.0,-87.0,-65.0,-50.0,-64.0,-64.0,-71.0,-43.0,-60.0,,,,-72.0,,,,,,,,,,,,,,,,,,,,,,,,,,,,,,,,,,,,,,,,,,,,,,,3.2798602485717785,3.492043719613039,0.0641909025025101
-53.0,,-35,-45.0,,-82.0,-53.0,-77.0,,-57.0,-57.0,-44.0,-57.0,-77.0,-54.0,,,-49.0,-50.0,,,-71.0,-49.0,,,,-47.0,,-83.0,,,,,,,-85.0,,,,,,,,,,,,,,,,,,,,,,,,,,,,,,,,,,,,,,,,,,,0.6215012275605756,0.2585818130590939,4.375424325845541
-58.0,,-61,-64.0,-77.0,-75.0,-57.0,-74.0,-62.0,-77.0,,-53.0,,-74.0,,,,-60.0,-60.0,,,,-60.0,-94.0,-94.0,,-52.0,-66.0,,,-64.0,,,,,-77.0,,,-86.0,,,,,,,,,,,,,,,,,,,,,,,,,-94.0,,,,,,,,,,,,,,,-1.9017425805363728,-5.658567381462693,-1.1582236306300902
-45.0,-72.0,-42,-49.0,-68.0,-88.0,-44.0,-61.0,-54.0,-42.0,-42.0,-34.0,-42.0,-61.0,-56.0,,,,,-69.0,,-69.0,-49.0,-80.0,-80.0,,-36.0,-56.0,-67.0,-89.0,-81.0,-71.0,-82.0,-75.0,,-65.0,-89.0,,,,,,,,,,,,,,,,,,,,,,,,,,,,,,,,,,,,,,,,,,3.642164351275847,-1.1414357869268574,3.450213687465293
-72.0,-67.0,-61,-62.0,,,-72.0,-88.0,-76.0,-66.0,-66.0,-63.0,-67.0,-88.0,-51.0,,,-69.0,-68.0,,,-67.0,-68.0,-74.0,-74.0,,-67.0,-75.0,-94.0,,,,-84.0,,,,,,,,,-89.0,-87.0,,,,,,,,,,,,,,,,,,,,,,,,,,,,,,,,,,,,0.0842906792988657,5.795383269661001,3.2667743411327024
-58.0,-81.0,-48,-43.0,-77.0,-84.0,-58.0,-78.0,-73.0,-55.0,-55.0,-55.0,-55.0,-78.0,-57.0,,-89.0,,,,,-71.0,,-90.0,-90.0,,-56.0,-69.0,,,,,,,,-75.0,,,,,,,,,,,,,,,,,,,,,,,,,,,-96.0,,,,,,,,,,,,,,,,0.3480763210023669,0.6779514239754725,3.080277251529987
-61.0,,-38,-40.0,-80.0,-85.0,-61.0,-77.0,,-65.0,-65.0,-53.0,-66.0,-76.0,-51.0,-86.0,-85.0,-63.0,-62.0,,,,-62.0,,-86.0,,-54.0,-76.0,,,-68.0,-88.0,,,,-79.0,,,,,,,,,,,,,,,,,,,,,,,,,,,,,,,,,,,,,,,,,,,0.3535849334749465,1.026304592561614,4.505528781282036
-54.0,,-54,-67.0,,,-54.0,-81.0,-68.0,-53.0,-53.0,-53.0,-54.0,-81.0,-73.0,,,-52.0,,-56.0,,-56.0,-52.0,-72.0,-72.0,,-49.0,-71.0,,,,,,,-95.0,,,,,,,-83.0,,,,,,,,,,,,-90.0,,,,,,,,,,,,,,,,,,,,,,,,,3.1552361489339256,6.373952120350798,0.0049816282156304
-61.0,,-40,-47.0,,,-61.0,-77.0,,-62.0,-61.0,-50.0,-62.0,-77.0,,-88.0,-88.0,-64.0,-64.0,,-88.0,,-64.0,,,,-45.0,,,,,-77.0,,,,,,,,,,,,,,,,,,,,,,,,,,,,,,,,,,,,,,,,,,,,,,,0.5783522428319144,-0.9284666403127032,1.5367211802639882
-62.0,,-36,-48.0,,-91.0,-62.0,-82.0,,-55.0,-55.0,-62.0,-54.0,-83.0,-46.0,,-89.0,-64.0,-64.0,,,,-64.0,-89.0,-86.0,,-55.0,-71.0,,,,,,,,,,,,,,,,,,,,,,,,,,,,,,,,,,,,,,,,,,,,,,,,,,,-1.832497524859357,0.7779249170413816,1.91732318362354
-59.0,,-42,-42.0,,-90.0,-59.0,-76.0,-73.0,-62.0,-61.0,-53.0,-61.0,-76.0,-52.0,,,-65.0,-65.0,,,,-65.0,,,,-56.0,-73.0,,,,-75.0,,,,,,,-91.0,,,,,,,,,,,,,,,,,,,,,,,,,,,,,,,,,,,,,,,,-0.0078039342510254,-1.2787032963471174,2.72311112074019
-45.0,,-55,-48.0,-67.0,-91.0,-45.0,-63.0,-63.0,-50.0,-50.0,-44.0,-50.0,-64.0,-56.0,-86.0,-86.0,-45.0,-44.0,-61.0,-86.0,-62.0,-45.0,-71.0,-71.0,-70.0,-49.0,-66.0,-65.0,-95.0,,-71.0,,,,-64.0,,,,,,,,,,,,,,,,,,,,,,,,,,,,,,,,,,,,,,,,,-91.0,,2.5114444743515194,1.9646351415708128,3.178087048439787
-76.0,-69.0,-60,-67.0,-75.0,,-76.0,-89.0,,,-65.0,-70.0,-65.0,-89.0,-47.0,,,-79.0,-79.0,-69.0,,-70.0,-79.0,-90.0,-90.0,-66.0,-63.0,,,,,,,,,-74.0,,,,,,,,,,,,,,,,,,,,,,,,,,,,,,,,,,,,,,,,,,,-1.025716676499621,4.663910889730939,2.3267684745619466
-53.0,,-53,-61.0,-62.0,,-53.0,-68.0,-60.0,-54.0,-54.0,-42.0,-54.0,-68.0,-62.0,,,-50.0,-50.0,,-85.0,,-50.0,-71.0,-70.0,,-39.0,-58.0,-62.0,,,-68.0,,,,-62.0,,,,,,,,,,,,,,,,,,,,,,,,,,,,,,,,,,,,,,,,,,,3.460306423036549,1.5605726808049318,0.035373069988855
-51.0,-74.0,-56,-61.0,,-94.0,-51.0,-70.0,-61.0,-51.0,-51.0,-52.0,-51.0,-70.0,,-86.0,,-50.0,-51.0,-61.0,-87.0,-62.0,-50.0,-75.0,-74.0,-74.0,-48.0,-57.0,-66.0,,,-81.0,-83.0,,,,,,,,,,,,,,,,,,,,,,,,,,,,,,,,,,,,,,,,,,,,,,2.3917742505949526,5.541187124622234,1.6236622368541471
-72.0,-68.0,-54,-58.0,-88.0,,-72.0,-85.0,,-84.0,-84.0,-67.0,-82.0,-86.0,-58.0,,,-73.0,-72.0,-79.0,-94.0,-77.0,-73.0,-87.0,-87.0,,-66.0,,,,,,-93.0,,,,,,,,,-91.0,,,,,,,,,,,,,,,,,,,,,,,,,,,,,,,,,,,,,-0.6969837406581237,3.924118477904736,3.4922891818433177
-40.0,,-54,-59.0,,,-40.0,-57.0,-60.0,-63.0,-63.0,-39.0,,-58.0,-69.0,,,-48.0,-48.0,-72.0,,,-48.0,-86.0,-86.0,,,-60.0,,,-59.0,-71.0,,,,,,,,,,,,,,,,,,,,,,,,,,,,,,,,,,,,,,,,,,,,,,,2.062576588236165,-5.843096061243903,-1.6990458794368088
-47.0,,-53,-57.0,-68.0,,-47.0,-75.0,-65.0,-40.0,-40.0,-42.0,-40.0,-74.0,-59.0,-83.0,-85.0,-50.0,-50.0,-59.0,-83.0,-59.0,-50.0,-77.0,-77.0,,-44.0,,-68.0,,,,,,-95.0,-68.0,,,,,-96.0,,,,,,,,,,,,,,,,,,-95.0,,,,,,,,,,,,,,,,,,,,3.365452102999732,2.64283697307094,0.0500423125893914
-40.0,,-49,-55.0,,-87.0,-40.0,-62.0,-55.0,-51.0,-51.0,-37.0,-52.0,-62.0,,-79.0,,-46.0,-45.0,-84.0,-79.0,,-46.0,-77.0,-78.0,,-36.0,-57.0,-66.0,-92.0,-64.0,-69.0,,,,-67.0,-92.0,,,,,,,,,,,,,,,,,,,,,,,,,,,,,,,,,,,,,,,,,,2.7237615444293883,-5.583446426752104,5.16673232924423
-61.0,,-40,-39.0,-71.0,,-62.0,-74.0,-71.0,,,-52.0,-59.0,-74.0,-51.0,,,,,,-98.0,,,-93.0,-94.0,,-51.0,,,,-72.0,-78.0,,,,-71.0,,,,-96.0,,,,,,,,,,,,,,,,,,,,,,,,,,,,,,,,,,,,,,,0.0335487865909473,-0.3239419886575338,3.1902315324854973
-55.0,,-38,-37.0,-73.0,-85.0,-55.0,-81.0,,,,,,-81.0,-50.0,,,-58.0,-58.0,,,,-58.0,,-91.0,,,,,,,-87.0,,,,,,,,,,,,,,,,,,,,,,,,,,,,,,,,,,,,,,,,,,,,,,,-0.0784907416346284,1.1077924134550412,-1.788711422142536
-43.0,-74.0,-51,-58.0,-67.0,-83.0,-43.0,-65.0,-57.0,-45.0,-45.0,-39.0,-44.0,-65.0,-52.0,-79.0,-78.0,-50.0,-50.0,-71.0,,,-50.0,-85.0,-84.0,,-32.0,-59.0,,-95.0,,-72.0,,,,,,,,,,,,,,,,,,,,,,,,,,,,,,,,,,,,,,,,,,,,,,-96.0,3.729057384954794,-4.868862614721601,2.9122279830587705
-72.0,-70.0,-54,-70.0,-91.0,-90.0,-72.0,,-75.0,-73.0,,-73.0,-73.0,,-50.0,,,-65.0,-65.0,,,,-65.0,-80.0,-80.0,-71.0,,-75.0,-90.0,,,,,,,,,,,,,,,,,,,,,,,,,,,,,,,,,,,,,,,,,,,,,,,,,,-1.004387660159272,5.399200942528485,-1.079844285035861
-67.0,,-63,-62.0,-79.0,-95.0,-66.0,-87.0,,-63.0,-63.0,-59.0,-63.0,-87.0,-41.0,,,,,-60.0,-96.0,-61.0,,-70.0,-69.0,,,,-79.0,,-88.0,,,,-95.0,-79.0,,,,,,,,,,,,,,,,,,,,,,,,,,,,,,,,,,,,,,,,,,,-0.310511294018986,5.78922849123913,-1.0740636607030625
-60.0,,-73,-64.0,,,-60.0,-77.0,-69.0,-61.0,-61.0,-61.0,-61.0,-77.0,-70.0,,,-55.0,-55.0,-64.0,,-67.0,-55.0,-72.0,-72.0,-71.0,-62.0,,-85.0,,,-85.0,-79.0,,-92.0,-86.0,,,,,,,,,,,,,,,,,,,,,,,-93.0,,,,,,,,,,,,,,,,,,,,2.3859703942229924,8.004709078695074,3.388018957752632
-77.0,-71.0,-57,-67.0,,,-77.0,-91.0,-79.0,-70.0,-70.0,-69.0,-70.0,-91.0,-47.0,,,-73.0,-73.0,,,-82.0,-74.0,-79.0,-78.0,-71.0,-68.0,,,,,,-86.0,,,,,,,,,-90.0,,,,,,,,,,,,,,,,,,,,,,,,,,,,,,,,,,,,,0.1735314948353283,6.711613078954704,-1.0194080825584446
-69.0,,-62,-65.0,,-97.0,-69.0,-87.0,,,,-68.0,,-86.0,,,-89.0,,,-77.0,,,,-77.0,-77.0,,-68.0,,,,-83.0,,,,,-85.0,,,,,,,,,,,,,,,,,,,,,,,,,,,,,,,,,,,,,,,,,,,-1.857795734121251,5.132468261975264,-0.8209534370897397
-72.0,-77.0,-65,-48.0,,,-73.0,-91.0,,-61.0,-61.0,-60.0,-62.0,-91.0,-60.0,-97.0,-96.0,-67.0,-68.0,-79.0,,-78.0,-67.0,-85.0,-85.0,,-65.0,,,,-90.0,-86.0,,,,,,,,,,-91.0,,,,,,,,,,,,,,,,,,,,,,,,,,,,,,,,,,,,,0.217948355391072,3.488195215986767,4.701415809099967
-45.0,,-58,-58.0,-77.0,,-45.0,-70.0,-63.0,-46.0,-46.0,-51.0,-46.0,-70.0,-59.0,,-88.0,-50.0,-50.0,-65.0,,,-50.0,-66.0,-66.0,,-51.0,-64.0,,,,,,,-94.0,-74.0,,,,,,,,,,,,,,,,,,,,,,,-96.0,,,,,,,,,,,,,,,,,,,,3.158752293570436,4.481888375521651,0.0748324517248591
-75.0,-75.0,-66,-66.0,-80.0,-95.0,-75.0,-90.0,-75.0,-66.0,-65.0,,-66.0,-91.0,-54.0,-92.0,-91.0,-77.0,-77.0,-69.0,-92.0,-69.0,-76.0,-85.0,-85.0,-72.0,,,-80.0,,,,,,,-80.0,,,,,,-89.0,,,,,,,,,,,,,,,,,,,,,,,,,,,,,,,,,,,,,-1.4266824655010713,5.009009971598826,1.7024268042810131
-74.0,-70.0,-59,-59.0,,,-74.0,-86.0,,-71.0,,-71.0,-71.0,-85.0,-52.0,,,-74.0,-74.0,,,,-74.0,-84.0,-84.0,-71.0,-69.0,,,,,,,,,,,,,,,,,,,,,,,,,,,,,,,,,,,,,,,,,,,,,,,,,,,,-2.676702750401293,4.319785269683791,2.8414444618933525
-35.0,,-54,-58.0,,-85.0,-35.0,-59.0,-55.0,-58.0,-58.0,-31.0,-58.0,-59.0,,-88.0,-89.0,-49.0,-49.0,,-89.0,,-48.0,-80.0,-79.0,,-34.0,-53.0,-63.0,-88.0,,-58.0,,-76.0,,,-88.0,,-72.0,,,,,,,,,,,,,,,,,,,,,,,,,,,,,,,,,,,,,,,,2.8286861752526,-4.780886396627772,-0.313085456974672
-56.0,,-41,-50.0,,-82.0,-56.0,-77.0,,,,-52.0,,-77.0,-59.0,,,-72.0,-72.0,,,,-72.0,,-89.0,,-53.0,,,,,,,,,,,,,,,,,,,,,,,,,,,,,,,,,,,,,,,,,,,,,,,,,,,,-2.2964316042993502,-2.464791144631836,0.5700083559431515
-40.0,,-55,-56.0,-77.0,-82.0,-40.0,-64.0,-58.0,-55.0,-55.0,-34.0,-55.0,-64.0,-55.0,,-83.0,-47.0,-47.0,,-78.0,-74.0,-47.0,-81.0,-81.0,,-32.0,-58.0,-77.0,-91.0,,-71.0,,,,-77.0,-91.0,,,,,,,,,,,,,,,,,,,,,,,,,,,,,,,,,,,,,,,,,,3.603338116375825,-5.695204282705031,1.4444012059601965
-53.0,,-46,-41.0,-81.0,-79.0,-53.0,-73.0,-67.0,-54.0,-55.0,-59.0,-54.0,-73.0,-49.0,-85.0,-86.0,,,,-86.0,,,-84.0,-83.0,,-56.0,-63.0,-81.0,,-66.0,-81.0,,,,,,,,,,,,,,,,,,,,,,,,,,,,,,,,,,,,,,,,,,,,,,,-0.7765896844364418,-1.3807130199090514,-0.4074295321406685
-58.0,-79.0,-40,-41.0,-86.0,-81.0,-58.0,-78.0,-70.0,-54.0,-54.0,-53.0,-54.0,-78.0,-56.0,-95.0,-94.0,-59.0,-59.0,-76.0,,,-59.0,,,,-54.0,,,,-70.0,,-94.0,,,-86.0,,,,,,,,,,,,,,,,,,,,,,,,,,,,,,,,,,,,,,,,,,,0.0269525972166131,0.1153902469725892,3.180239127758336
-51.0,-78.0,-51,-45.0,-69.0,-81.0,-51.0,-72.0,-60.0,-55.0,-55.0,-36.0,-55.0,-72.0,-45.0,-81.0,-81.0,-63.0,-62.0,,-82.0,,-63.0,-94.0,-92.0,,-34.0,-59.0,-68.0,,,-68.0,,,,-68.0,,,,,,,,,,,,,,,,,,,,,,,,,,,,,,,,,,,,,,,,,,,1.6873914287807523,-0.9305953243820858,1.5116255638761895
-53.0,-74.0,-55,-60.0,,-96.0,-53.0,-69.0,-58.0,-39.0,-39.0,-38.0,-39.0,-69.0,-64.0,-76.0,,-43.0,-43.0,,-77.0,,-43.0,-68.0,-68.0,,-40.0,-66.0,-64.0,,,-69.0,,,-95.0,,,,-85.0,,,,,,,,,,,,,,,,,,,,,,,,,,,,,,,,,,,,,,,,3.515069314457977,0.8887169827446488,0.0315415690446226
-53.0,,-58,-46.0,,-83.0,-53.0,-75.0,-70.0,,,-46.0,-72.0,-75.0,-61.0,,,-68.0,,,,,-68.0,,,,-50.0,-65.0,,,,,,,,,,,,,,,,,,,,,,,,,,,,,,,,,,,,,,,,,,,,,,,,,,,0.3310141494738833,-1.5216233160547872,2.710423549693214
-53.0,,-47,-45.0,,-82.0,-53.0,-73.0,,-66.0,-66.0,-44.0,-66.0,-73.0,-54.0,,-88.0,-68.0,-68.0,,,,-68.0,,,,,-75.0,,,-65.0,-87.0,,,,,,,,,,,,,,,,,,,,,,,,,,,,,,,,,,,,,,,,,,,,,,,0.3310141494738833,-1.5216233160547872,2.710423549693214
-42.0,-76.0,-51,-50.0,,-93.0,-42.0,-63.0,-60.0,-50.0,-50.0,-43.0,-50.0,-63.0,-53.0,-76.0,-76.0,-45.0,-45.0,-66.0,-76.0,-63.0,-46.0,-73.0,-73.0,-72.0,-44.0,-60.0,-64.0,,,-69.0,,,,,,,,,,,,,,,,,,,,,,,,,,,,,,,,,,,,,,,,,,,,,,,2.629244366903742,0.7903619804668918,3.230398432423741
-48.0,-67.0,-55,-63.0,-71.0,-94.0,-48.0,-71.0,-66.0,-51.0,-50.0,-52.0,-51.0,-71.0,-65.0,-87.0,,-48.0,-48.0,-58.0,-87.0,-58.0,-48.0,-71.0,-70.0,-67.0,-49.0,-62.0,,,,-73.0,-76.0,,,-71.0,,,,,,-92.0,,,,,,,,,,,,,,,,,,,,,,,,,,,,,,,,,,,,,3.010193697082932,5.463386549038717,0.086697320414861
-44.0,,-50,-60.0,,-83.0,-44.0,-59.0,-54.0,-47.0,-47.0,-30.0,-48.0,-59.0,-59.0,-74.0,,-45.0,-45.0,,,-65.0,-45.0,-80.0,-80.0,,-31.0,-52.0,,-93.0,,-64.0,,,,-76.0,-94.0,,,,,,,,,,,,,,,,,,,,,,,,,,,,,,,,,,,,,,,,,,2.984649164379888,-4.228891203089991,-0.3129909556612921
-52.0,,-35,-44.0,-78.0,-82.0,-53.0,-76.0,-66.0,-65.0,-60.0,-50.0,-65.0,-76.0,,-80.0,,-58.0,-58.0,,,,-58.0,,-87.0,,-51.0,-67.0,-80.0,,,-74.0,,,,-80.0,,,,,,,,,,,,,,,,,,,,,,,,,,,,,,,,,,,,,,,,,,,-0.5200425843220166,-0.6847024760308866,-0.3790476017326744
-76.0,-63.0,-63,-58.0,,-98.0,-75.0,-91.0,-80.0,-73.0,-74.0,-63.0,-73.0,-94.0,-52.0,,,-71.0,-71.0,-76.0,,-75.0,-70.0,-81.0,-81.0,-63.0,-64.0,-81.0,,,,,-76.0,,,-76.0,,,,,,-83.0,-78.0,,,,,,,,,,,,,,,,,,,,,,,,,,,,,,,,,,,,-0.5515689818397091,5.147864525890981,2.334752572371376
-57.0,,-46,-46.0,,-85.0,-57.0,-78.0,-67.0,-62.0,-61.0,-57.0,-61.0,-78.0,-59.0,-84.0,,-66.0,-66.0,,-84.0,,-66.0,,-91.0,,-55.0,-64.0,,,,,,,,,,,-88.0,,,,,,,,,,,,,,,,,,,,,,,,,,,,,,,,,,,,,,,,-1.502093845559786,-1.75685580935118,0.963465507693698
-43.0,-70.0,-52,-65.0,-68.0,-96.0,-43.0,-67.0,-62.0,-49.0,-49.0,-47.0,-49.0,-67.0,-81.0,,,-46.0,-46.0,-55.0,,-55.0,-46.0,-71.0,-69.0,-73.0,-49.0,-65.0,-68.0,,-87.0,-78.0,-85.0,,,-68.0,,,,,,,,,,,,,,,,,,,,,,,,,,,,,,,,,,,,,,,,,,,2.363949173993258,4.925283585801298,3.1058364345383347
-59.0,,-40,-44.0,,-77.0,-59.0,-75.0,-69.0,-62.0,-62.0,-54.0,-62.0,-75.0,-53.0,,-86.0,,,-71.0,-86.0,-71.0,,-90.0,-89.0,,-54.0,-65.0,,,-80.0,,,,,,,,,,,,,,,,,,,,,,,,,,,,,,,,,,,,,,,,,,,,,,,,0.1105520011017816,-0.916206132737322,3.19080624415464
-50.0,-71.0,-54,-60.0,,-96.0,-50.0,-70.0,-66.0,-46.0,-47.0,-51.0,-47.0,-71.0,-62.0,,,-50.0,-50.0,-54.0,,-52.0,-50.0,-69.0,-69.0,,-52.0,-62.0,,,,,-87.0,-83.0,,,,,,,,,,,,,,,,,,,,,,,,,,,,,,,,,,,,,,,,,,,,,2.393447135683665,4.121000644269397,3.120784138803654
-45.0,,-42,-49.0,-68.0,-87.0,-44.0,-61.0,-54.0,-42.0,-42.0,-35.0,-43.0,-61.0,-58.0,-80.0,-80.0,-49.0,-49.0,-69.0,-78.0,-69.0,-49.0,-81.0,-80.0,,-36.0,-56.0,-68.0,-89.0,-81.0,-74.0,,,,-68.0,-89.0,,,,,,,,,,,,,,,,,,,,,,,,,,,,,,,,,,,,,,,,,,3.642164351275847,-1.1414357869268574,3.450213687465293
-42.0,-74.0,-50,-58.0,-68.0,,-42.0,-66.0,-57.0,-45.0,-44.0,-35.0,-45.0,-65.0,-50.0,,-79.0,-50.0,-50.0,-71.0,,-70.0,-50.0,-80.0,-82.0,-77.0,-31.0,-59.0,-67.0,-94.0,,-72.0,,-77.0,,-67.0,,,-75.0,,,,,,,,,,,,,,,,,,,,,,,,,,,,,,,,,,,,,,,,3.729057384954794,-4.868862614721601,2.9122279830587705
-54.0,,-55,-68.0,,,-54.0,-81.0,,-54.0,-54.0,,-54.0,-81.0,-74.0,,-94.0,-52.0,-52.0,-60.0,,-58.0,-52.0,-74.0,-74.0,,,-70.0,,,-80.0,,-77.0,,,,,,,,,-86.0,-79.0,,,,,,,,,,,-89.0,,,,-90.0,,,,,,,,,,,,,,,,,,,,,3.1552361489339256,6.373952120350798,0.0049816282156304
-59.0,,-43,-45.0,-77.0,-80.0,-59.0,-74.0,,,,-53.0,,-74.0,-56.0,,,-57.0,-57.0,,,,-57.0,-86.0,-86.0,,-51.0,,-76.0,,,-80.0,,,,,,,,,,,,,,,,,,,,,,,,,,,,,,,,,,,,,,,,,,,,,,,-0.2070977604640335,0.2459600696471658,-0.3690921216086352
-59.0,,-58,-72.0,,,-59.0,-79.0,,,,-54.0,,-79.0,-69.0,-88.0,,-52.0,-52.0,-57.0,,-58.0,-52.0,-65.0,-65.0,,-47.0,,,,,,-78.0,,-86.0,,,,,,,,,,,,,,,,,,,,,,,,-85.0,,,,,,,,,,,,,,,,,,,,3.261112015777431,7.118670332467429,-0.573030897869377
-49.0,,-56,-53.0,-60.0,-95.0,-51.0,-68.0,-61.0,-40.0,-41.0,-53.0,-41.0,-68.0,-65.0,-76.0,-76.0,-44.0,-44.0,-59.0,-76.0,-58.0,-44.0,-75.0,-75.0,,-52.0,-61.0,-61.0,,,-71.0,-81.0,,,-61.0,,,,,,-90.0,,,,,,,,,,,,,,,,,,,,,,,,,,,,,,,,,,,,,2.7324110382763904,0.1731241138108729,3.2339891846769446
-44.0,,-48,-59.0,-76.0,-83.0,-44.0,-59.0,,-47.0,-46.0,-31.0,-48.0,-59.0,-60.0,,,-45.0,-45.0,-65.0,,-65.0,-45.0,-80.0,-80.0,,-31.0,,,-94.0,,-66.0,,-74.0,,-77.0,,,-76.0,,,,,,,,,,,,,,,,,,,,,,,,,,,,,,,,,,,,,,,,2.984649164379888,-4.228891203089991,-0.3129909556612921
-59.0,-63.0,-60,-71.0,,,-59.0,-79.0,-65.0,-50.0,-50.0,-54.0,-50.0,-79.0,-69.0,,,,,-59.0,,-58.0,,-65.0,-63.0,-65.0,-47.0,-59.0,,,,-79.0,-76.0,,-85.0,,,,,,,-79.0,,,,,,,,,,,,,,,,,-85.0,,,,,,,,,,,,,,,,,,,,3.261112015777431,7.118670332467429,-0.573030897869377
-41.0,,-42,-46.0,,-88.0,-41.0,-65.0,,-51.0,-51.0,-28.0,-51.0,-65.0,-56.0,,,-53.0,-53.0,-65.0,-78.0,,-54.0,-86.0,-86.0,,-33.0,,,-92.0,,-68.0,,,,,,,,,,,,,,,,,,,,,,,,,,,,,,,,,,,,,,,,,,,,,,,2.7092435026370465,-0.9396693837095598,1.4952445183018923
-46.0,,-52,-55.0,,-89.0,-46.0,-69.0,-60.0,-40.0,-40.0,-39.0,-40.0,-69.0,,-85.0,,-44.0,-44.0,-59.0,-86.0,,-44.0,-70.0,-69.0,,-38.0,,-64.0,,,-73.0,-85.0,,,-64.0,,,,,,-96.0,,,,,,,,,,,,,,,,,,,,,,,,,,,,,,,,,,,,,3.552067942362116,0.1429765306049081,0.0182617621420181
-59.0,,-43,-45.0,,-81.0,-59.0,-74.0,-65.0,,,-53.0,-54.0,-74.0,-58.0,-84.0,-85.0,-56.0,-56.0,,-84.0,,-56.0,,-85.0,,-52.0,,,,,,-88.0,,,-78.0,,,,,,,,,,,,,,,,,,,,,,,,,,,,,,,,,,,,,,,,,,,-0.2070977604640335,0.2459600696471658,-0.3690921216086352
-48.0,,-48,-55.0,-62.0,-84.0,-48.0,-64.0,,-50.0,-50.0,-26.0,-50.0,-64.0,-64.0,-78.0,-79.0,-41.0,-41.0,-71.0,-78.0,-68.0,-41.0,-78.0,-77.0,-78.0,-30.0,-63.0,,-94.0,,-65.0,,,,-62.0,-94.0,-94.0,,,,-93.0,,,,,,,,,,,,,,,,,,,,,,,,,,,,,,,,,,,,,3.331931978237636,-2.8626596700594624,5.993303962216146
-62.0,,-46,-44.0,-73.0,-94.0,-62.0,-82.0,,-58.0,-58.0,-57.0,-58.0,-82.0,-41.0,,,-62.0,-62.0,,,,-62.0,-91.0,-89.0,,-55.0,,-71.0,,,-87.0,,,,-72.0,,,,,,,,,,,,,,,,,,,,,,,,,,,,,,,,,,,,,,,,,,,-2.591665814025593,0.9672509012598568,1.3058452696893428
-45.0,,-58,-58.0,,,-45.0,-70.0,,,,-51.0,,-70.0,-65.0,,,-51.0,-51.0,-65.0,,-63.0,-51.0,-67.0,-67.0,,-51.0,,,,,,,,-96.0,,,,,,,,,,,,,,,,,,,,,,,,-95.0,,,,,,,,,,,,,,,,,,,,3.158752293570436,4.481888375521651,0.0748324517248591
-44.0,,-57,-52.0,-66.0,-85.0,-44.0,-65.0,,-46.0,-47.0,-40.0,-45.0,-65.0,-61.0,-82.0,,-42.0,-42.0,-66.0,,-68.0,-42.0,-75.0,-75.0,,-36.0,-57.0,-66.0,,,,,,,-66.0,,,,,,,,,,,,,,,,,,,,,,,,,,,,,,,,,,,,,,,,,,,2.792570989793139,-1.487590265429309,6.219950513264935
,,-35,,,,,,,,,,,,,,,,,,,,,,,,,,,,,,,,,,,,,,,,,,,,,,,,,,,,,,,,,,,,,,,,,,,,,,,,,,,,-0.5200425843220166,-0.6847024760308866,-0.3790476017326744
-60.0,,-33,-57.0,-74.0,-85.0,-60.0,-80.0,-66.0,-65.0,-65.0,-55.0,-65.0,-80.0,-59.0,-88.0,-88.0,-68.0,-68.0,-73.0,-88.0,-74.0,-68.0,-92.0,-92.0,,-55.0,-66.0,-74.0,,-70.0,,,,,-74.0,,,,,,,,,,,,,,,,,,,,,,,,,,,,,,,,,,,,,,,,,,,-1.928764723461576,-1.957509844403697,-16.917910894222683
-74.0,,-58,-66.0,-81.0,,-74.0,-96.0,,-73.0,,-67.0,-73.0,-95.0,-53.0,,,-71.0,-71.0,-78.0,,-79.0,-71.0,-81.0,-81.0,-61.0,-69.0,,-81.0,,-89.0,,,,,,,,,,,-80.0,,,,,,,,,,,,,,,,,,,,,,,,,,,,,,,,,,,,,-0.0201655422938315,6.335672871009273,-0.5625199865053465
-79.0,,-60,-70.0,-86.0,,-79.0,,,,,-71.0,-73.0,,-52.0,,-94.0,-82.0,-82.0,,-95.0,,-82.0,-87.0,-87.0,,-69.0,,-86.0,,,,,,,-86.0,,,,,,,,,,,,,,,,,,,,,,,,,,,,,,,,,,,,,,,,,,,-2.941865257375568,6.708168540699193,1.227390927656672
-44.0,,-59,-53.0,-67.0,-96.0,-44.0,-70.0,,-43.0,-43.0,-37.0,-42.0,-70.0,-62.0,-81.0,-81.0,-48.0,-49.0,,-80.0,-50.0,-48.0,-73.0,-73.0,,-40.0,-60.0,-68.0,,,-65.0,,,,-68.0,,,,,,,,,,,,,,,,,,,,,,,,,,,,,,,,,,,,,,,,,,,3.57952216805532,-0.2417441992268699,0.0015069546966858
-61.0,-81.0,-36,-49.0,-70.0,-85.0,-61.0,-80.0,-72.0,-60.0,,-55.0,,-80.0,,-91.0,,-71.0,-71.0,,,,-71.0,,,,-53.0,-72.0,,,,,,,,-69.0,,,-88.0,,,,,,,,,,,,,,,,,,,,,,,,,,,,,,,,,,,,,,,,0.0036875998023211,-2.487598183974665,2.726568551328094
-57.0,,-45,-46.0,,-87.0,-57.0,-78.0,-67.0,-62.0,-62.0,-58.0,-59.0,-79.0,-58.0,-85.0,-84.0,-66.0,-66.0,-80.0,-84.0,,-66.0,,-91.0,,-54.0,-64.0,,,-72.0,,-94.0,,,,,,-86.0,,,,,,,,,,,,,,,,,,,,,,,,,,,,,,,,,,,,,,,,-1.502093845559786,-1.75685580935118,0.963465507693698
-71.0,-74.0,-66,-66.0,,,-71.0,-82.0,,-63.0,,-50.0,-64.0,-82.0,-59.0,,-87.0,-63.0,-62.0,-50.0,,-51.0,-63.0,-73.0,-72.0,-74.0,-54.0,-66.0,-78.0,,,-93.0,,,,-78.0,,,,,,-91.0,,,,,,,,,,,,,,,,,,,,,,,,,,,,,,,,,,,,,1.633959810401504,5.478344312202952,1.6401636415270844
,,-60,,,,,,,,,,,,,,,,,,,,,,,,,,,,,,,,,,,,,,,,,,,,,,,,,,,,,,,,,,,,,,,,,,,,,,,,,,,,-2.941865257375568,6.708168540699193,1.227390927656672
-63.0,-60.0,-60,-72.0,,,-63.0,-81.0,-72.0,-58.0,-59.0,-56.0,-59.0,-80.0,-72.0,,,-63.0,-63.0,-52.0,,-52.0,-63.0,-69.0,-67.0,-62.0,-55.0,-73.0,-70.0,,,,,,-92.0,-70.0,,,,,,-78.0,,,,,,,,,,,,,,,,-89.0,-92.0,,,,,,,,,,,,,,,,,,,,2.397914881205657,8.80596425453137,1.5778622390389332
-57.0,,-62,-64.0,-76.0,-77.0,-57.0,-73.0,,,,-52.0,,-73.0,-61.0,,,-60.0,-59.0,,,,-60.0,,,,-52.0,,,,-65.0,-79.0,,,,-77.0,,,,,,,,,,,,,,,,,,,,,,,,,,,,,,,,,,,,,,,,,,,-1.9017425805363728,-5.658567381462693,-1.1582236306300902
-72.0,,-56,-61.0,-80.0,-96.0,-72.0,-91.0,,-62.0,-62.0,-72.0,-62.0,-91.0,-52.0,,,-70.0,-69.0,,,,-69.0,-82.0,-82.0,,-67.0,,-77.0,,,,,,,-80.0,,,,,,,,,,,,,,,,,-94.0,,,,,,,,,,,,,,,,,,,,,,,,,,-0.3565312326157771,5.199594072316345,1.663239851977803
-53.0,,-48,-45.0,,-84.0,-53.0,-73.0,-74.0,,,-46.0,-66.0,-73.0,-55.0,-89.0,-89.0,,,,-89.0,-79.0,,-96.0,-96.0,,-50.0,,,,-65.0,-85.0,,,,-71.0,,,,,,,,,,,,,,,,,,,,,,,,,,,,,,,,,,,,,,,,,,,0.3310141494738833,-1.5216233160547872,2.710423549693214
